buy_pct_bullish_divergence,buy_pct_rsi_25,buy_pct_rsi_20,sell_pct_bearish_divergence,sell_pct_rsi_75,sell_pct_rsi_80,train_trades,test_trades,train_win_rate,test_win_rate,train_expectancy,test_expectancy,train_profit_factor,test_profit_factor,train_max_dd,test_max_dd,train_portfolio_return,test_portfolio_return,train_return_to_dd,test_return_to_dd,train_buy_count,test_buy_count,score
15.0,15.0,20.0,50.0,25.0,25.0,12,0,100.0,0.0,101.83,0.0,1221.99,0.0,0.0,0.0,7.61,-2.57,5.51,0.0,2,3,3084.989
15.0,15.0,30.0,50.0,25.0,25.0,12,0,100.0,0.0,101.83,0.0,1221.99,0.0,0.0,0.0,7.61,-2.57,5.51,0.0,2,3,3084.989
15.0,15.0,40.0,50.0,25.0,25.0,12,0,100.0,0.0,101.83,0.0,1221.99,0.0,0.0,0.0,7.61,-2.57,5.51,0.0,2,3,3084.989
15.0,20.0,20.0,50.0,25.0,25.0,12,0,100.0,0.0,101.83,0.0,1221.99,0.0,0.0,0.0,7.61,-2.57,5.51,0.0,2,3,3084.989
15.0,20.0,30.0,50.0,25.0,25.0,12,0,100.0,0.0,101.83,0.0,1221.99,0.0,0.0,0.0,7.61,-2.57,5.51,0.0,2,3,3084.989
15.0,20.0,40.0,50.0,25.0,25.0,12,0,100.0,0.0,101.83,0.0,1221.99,0.0,0.0,0.0,7.61,-2.57,5.51,0.0,2,3,3084.989
25.0,15.0,20.0,50.0,25.0,25.0,12,0,100.0,0.0,101.83,0.0,1221.99,0.0,0.0,0.0,7.61,-2.57,5.51,0.0,2,3,3084.989
25.0,15.0,30.0,50.0,25.0,25.0,12,0,100.0,0.0,101.83,0.0,1221.99,0.0,0.0,0.0,7.61,-2.57,5.51,0.0,2,3,3084.989
25.0,15.0,40.0,50.0,25.0,25.0,12,0,100.0,0.0,101.83,0.0,1221.99,0.0,0.0,0.0,7.61,-2.57,5.51,0.0,2,3,3084.989
25.0,20.0,20.0,50.0,25.0,25.0,12,0,100.0,0.0,101.83,0.0,1221.99,0.0,0.0,0.0,7.61,-2.57,5.51,0.0,2,3,3084.989
25.0,20.0,30.0,50.0,25.0,25.0,12,0,100.0,0.0,101.83,0.0,1221.99,0.0,0.0,0.0,7.61,-2.57,5.51,0.0,2,3,3084.989
25.0,20.0,40.0,50.0,25.0,25.0,12,0,100.0,0.0,101.83,0.0,1221.99,0.0,0.0,0.0,7.61,-2.57,5.51,0.0,2,3,3084.989
35.0,15.0,20.0,50.0,25.0,25.0,12,0,100.0,0.0,101.83,0.0,1221.99,0.0,0.0,0.0,7.61,-2.57,5.51,0.0,2,3,3084.989
35.0,15.0,30.0,50.0,25.0,25.0,12,0,100.0,0.0,101.83,0.0,1221.99,0.0,0.0,0.0,7.61,-2.57,5.51,0.0,2,3,3084.989
35.0,15.0,40.0,50.0,25.0,25.0,12,0,100.0,0.0,101.83,0.0,1221.99,0.0,0.0,0.0,7.61,-2.57,5.51,0.0,2,3,3084.989
35.0,20.0,20.0,50.0,25.0,25.0,12,0,100.0,0.0,101.83,0.0,1221.99,0.0,0.0,0.0,7.61,-2.57,5.51,0.0,2,3,3084.989
35.0,20.0,30.0,50.0,25.0,25.0,12,0,100.0,0.0,101.83,0.0,1221.99,0.0,0.0,0.0,7.61,-2.57,5.51,0.0,2,3,3084.989
35.0,20.0,40.0,50.0,25.0,25.0,12,0,100.0,0.0,101.83,0.0,1221.99,0.0,0.0,0.0,7.61,-2.57,5.51,0.0,2,3,3084.989
15.0,15.0,20.0,50.0,15.0,25.0,12,0,100.0,0.0,101.83,0.0,1221.99,0.0,0.0,0.0,7.94,-2.57,5.49,0.0,2,3,3084.8125
15.0,15.0,30.0,50.0,15.0,25.0,12,0,100.0,0.0,101.83,0.0,1221.99,0.0,0.0,0.0,7.94,-2.57,5.49,0.0,2,3,3084.8125
15.0,15.0,40.0,50.0,15.0,25.0,12,0,100.0,0.0,101.83,0.0,1221.99,0.0,0.0,0.0,7.94,-2.57,5.49,0.0,2,3,3084.8125
15.0,20.0,20.0,50.0,15.0,25.0,12,0,100.0,0.0,101.83,0.0,1221.99,0.0,0.0,0.0,7.94,-2.57,5.49,0.0,2,3,3084.8125
15.0,20.0,30.0,50.0,15.0,25.0,12,0,100.0,0.0,101.83,0.0,1221.99,0.0,0.0,0.0,7.94,-2.57,5.49,0.0,2,3,3084.8125
15.0,20.0,40.0,50.0,15.0,25.0,12,0,100.0,0.0,101.83,0.0,1221.99,0.0,0.0,0.0,7.94,-2.57,5.49,0.0,2,3,3084.8125
25.0,15.0,20.0,50.0,15.0,25.0,12,0,100.0,0.0,101.83,0.0,1221.99,0.0,0.0,0.0,7.94,-2.57,5.49,0.0,2,3,3084.8125
25.0,15.0,30.0,50.0,15.0,25.0,12,0,100.0,0.0,101.83,0.0,1221.99,0.0,0.0,0.0,7.94,-2.57,5.49,0.0,2,3,3084.8125
25.0,15.0,40.0,50.0,15.0,25.0,12,0,100.0,0.0,101.83,0.0,1221.99,0.0,0.0,0.0,7.94,-2.57,5.49,0.0,2,3,3084.8125
25.0,20.0,20.0,50.0,15.0,25.0,12,0,100.0,0.0,101.83,0.0,1221.99,0.0,0.0,0.0,7.94,-2.57,5.49,0.0,2,3,3084.8125
25.0,20.0,30.0,50.0,15.0,25.0,12,0,100.0,0.0,101.83,0.0,1221.99,0.0,0.0,0.0,7.94,-2.57,5.49,0.0,2,3,3084.8125
25.0,20.0,40.0,50.0,15.0,25.0,12,0,100.0,0.0,101.83,0.0,1221.99,0.0,0.0,0.0,7.94,-2.57,5.49,0.0,2,3,3084.8125
35.0,15.0,20.0,50.0,15.0,25.0,12,0,100.0,0.0,101.83,0.0,1221.99,0.0,0.0,0.0,7.94,-2.57,5.49,0.0,2,3,3084.8125
35.0,15.0,30.0,50.0,15.0,25.0,12,0,100.0,0.0,101.83,0.0,1221.99,0.0,0.0,0.0,7.94,-2.57,5.49,0.0,2,3,3084.8125
35.0,15.0,40.0,50.0,15.0,25.0,12,0,100.0,0.0,101.83,0.0,1221.99,0.0,0.0,0.0,7.94,-2.57,5.49,0.0,2,3,3084.8125
35.0,20.0,20.0,50.0,15.0,25.0,12,0,100.0,0.0,101.83,0.0,1221.99,0.0,0.0,0.0,7.94,-2.57,5.49,0.0,2,3,3084.8125
35.0,20.0,30.0,50.0,15.0,25.0,12,0,100.0,0.0,101.83,0.0,1221.99,0.0,0.0,0.0,7.94,-2.57,5.49,0.0,2,3,3084.8125
35.0,20.0,40.0,50.0,15.0,25.0,12,0,100.0,0.0,101.83,0.0,1221.99,0.0,0.0,0.0,7.94,-2.57,5.49,0.0,2,3,3084.8125
15.0,15.0,20.0,50.0,35.0,25.0,12,0,100.0,0.0,101.83,0.0,1221.99,0.0,0.0,0.0,7.36,-2.57,5.44,0.0,2,3,3084.4415
15.0,15.0,30.0,50.0,35.0,25.0,12,0,100.0,0.0,101.83,0.0,1221.99,0.0,0.0,0.0,7.36,-2.57,5.44,0.0,2,3,3084.4415
15.0,15.0,40.0,50.0,35.0,25.0,12,0,100.0,0.0,101.83,0.0,1221.99,0.0,0.0,0.0,7.36,-2.57,5.44,0.0,2,3,3084.4415
15.0,20.0,20.0,50.0,35.0,25.0,12,0,100.0,0.0,101.83,0.0,1221.99,0.0,0.0,0.0,7.36,-2.57,5.44,0.0,2,3,3084.4415
15.0,20.0,30.0,50.0,35.0,25.0,12,0,100.0,0.0,101.83,0.0,1221.99,0.0,0.0,0.0,7.36,-2.57,5.44,0.0,2,3,3084.4415
15.0,20.0,40.0,50.0,35.0,25.0,12,0,100.0,0.0,101.83,0.0,1221.99,0.0,0.0,0.0,7.36,-2.57,5.44,0.0,2,3,3084.4415
25.0,15.0,20.0,50.0,35.0,25.0,12,0,100.0,0.0,101.83,0.0,1221.99,0.0,0.0,0.0,7.36,-2.57,5.44,0.0,2,3,3084.4415
25.0,15.0,30.0,50.0,35.0,25.0,12,0,100.0,0.0,101.83,0.0,1221.99,0.0,0.0,0.0,7.36,-2.57,5.44,0.0,2,3,3084.4415
25.0,15.0,40.0,50.0,35.0,25.0,12,0,100.0,0.0,101.83,0.0,1221.99,0.0,0.0,0.0,7.36,-2.57,5.44,0.0,2,3,3084.4415
25.0,20.0,20.0,50.0,35.0,25.0,12,0,100.0,0.0,101.83,0.0,1221.99,0.0,0.0,0.0,7.36,-2.57,5.44,0.0,2,3,3084.4415
25.0,20.0,30.0,50.0,35.0,25.0,12,0,100.0,0.0,101.83,0.0,1221.99,0.0,0.0,0.0,7.36,-2.57,5.44,0.0,2,3,3084.4415
25.0,20.0,40.0,50.0,35.0,25.0,12,0,100.0,0.0,101.83,0.0,1221.99,0.0,0.0,0.0,7.36,-2.57,5.44,0.0,2,3,3084.4415
35.0,15.0,20.0,50.0,35.0,25.0,12,0,100.0,0.0,101.83,0.0,1221.99,0.0,0.0,0.0,7.36,-2.57,5.44,0.0,2,3,3084.4415
35.0,15.0,30.0,50.0,35.0,25.0,12,0,100.0,0.0,101.83,0.0,1221.99,0.0,0.0,0.0,7.36,-2.57,5.44,0.0,2,3,3084.4415
35.0,15.0,40.0,50.0,35.0,25.0,12,0,100.0,0.0,101.83,0.0,1221.99,0.0,0.0,0.0,7.36,-2.57,5.44,0.0,2,3,3084.4415
35.0,20.0,20.0,50.0,35.0,25.0,12,0,100.0,0.0,101.83,0.0,1221.99,0.0,0.0,0.0,7.36,-2.57,5.44,0.0,2,3,3084.4415
35.0,20.0,30.0,50.0,35.0,25.0,12,0,100.0,0.0,101.83,0.0,1221.99,0.0,0.0,0.0,7.36,-2.57,5.44,0.0,2,3,3084.4415
35.0,20.0,40.0,50.0,35.0,25.0,12,0,100.0,0.0,101.83,0.0,1221.99,0.0,0.0,0.0,7.36,-2.57,5.44,0.0,2,3,3084.4415
15.0,15.0,20.0,50.0,15.0,40.0,12,0,100.0,0.0,101.83,0.0,1221.99,0.0,0.0,0.0,6.98,-2.57,5.0,0.0,2,3,3080.9405
15.0,15.0,30.0,50.0,15.0,40.0,12,0,100.0,0.0,101.83,0.0,1221.99,0.0,0.0,0.0,6.98,-2.57,5.0,0.0,2,3,3080.9405
15.0,15.0,40.0,50.0,15.0,40.0,12,0,100.0,0.0,101.83,0.0,1221.99,0.0,0.0,0.0,6.98,-2.57,5.0,0.0,2,3,3080.9405
15.0,20.0,20.0,50.0,15.0,40.0,12,0,100.0,0.0,101.83,0.0,1221.99,0.0,0.0,0.0,6.98,-2.57,5.0,0.0,2,3,3080.9405
15.0,20.0,30.0,50.0,15.0,40.0,12,0,100.0,0.0,101.83,0.0,1221.99,0.0,0.0,0.0,6.98,-2.57,5.0,0.0,2,3,3080.9405
15.0,20.0,40.0,50.0,15.0,40.0,12,0,100.0,0.0,101.83,0.0,1221.99,0.0,0.0,0.0,6.98,-2.57,5.0,0.0,2,3,3080.9405
25.0,15.0,20.0,50.0,15.0,40.0,12,0,100.0,0.0,101.83,0.0,1221.99,0.0,0.0,0.0,6.98,-2.57,5.0,0.0,2,3,3080.9405
25.0,15.0,30.0,50.0,15.0,40.0,12,0,100.0,0.0,101.83,0.0,1221.99,0.0,0.0,0.0,6.98,-2.57,5.0,0.0,2,3,3080.9405
25.0,15.0,40.0,50.0,15.0,40.0,12,0,100.0,0.0,101.83,0.0,1221.99,0.0,0.0,0.0,6.98,-2.57,5.0,0.0,2,3,3080.9405
25.0,20.0,20.0,50.0,15.0,40.0,12,0,100.0,0.0,101.83,0.0,1221.99,0.0,0.0,0.0,6.98,-2.57,5.0,0.0,2,3,3080.9405
25.0,20.0,30.0,50.0,15.0,40.0,12,0,100.0,0.0,101.83,0.0,1221.99,0.0,0.0,0.0,6.98,-2.57,5.0,0.0,2,3,3080.9405
25.0,20.0,40.0,50.0,15.0,40.0,12,0,100.0,0.0,101.83,0.0,1221.99,0.0,0.0,0.0,6.98,-2.57,5.0,0.0,2,3,3080.9405
35.0,15.0,20.0,50.0,15.0,40.0,12,0,100.0,0.0,101.83,0.0,1221.99,0.0,0.0,0.0,6.98,-2.57,5.0,0.0,2,3,3080.9405
35.0,15.0,30.0,50.0,15.0,40.0,12,0,100.0,0.0,101.83,0.0,1221.99,0.0,0.0,0.0,6.98,-2.57,5.0,0.0,2,3,3080.9405
35.0,15.0,40.0,50.0,15.0,40.0,12,0,100.0,0.0,101.83,0.0,1221.99,0.0,0.0,0.0,6.98,-2.57,5.0,0.0,2,3,3080.9405
35.0,20.0,20.0,50.0,15.0,40.0,12,0,100.0,0.0,101.83,0.0,1221.99,0.0,0.0,0.0,6.98,-2.57,5.0,0.0,2,3,3080.9405
35.0,20.0,30.0,50.0,15.0,40.0,12,0,100.0,0.0,101.83,0.0,1221.99,0.0,0.0,0.0,6.98,-2.57,5.0,0.0,2,3,3080.9405
35.0,20.0,40.0,50.0,15.0,40.0,12,0,100.0,0.0,101.83,0.0,1221.99,0.0,0.0,0.0,6.98,-2.57,5.0,0.0,2,3,3080.9405
15.0,15.0,20.0,50.0,25.0,40.0,12,0,100.0,0.0,101.83,0.0,1221.99,0.0,0.0,0.0,6.82,-2.57,4.94,0.0,2,3,3080.4685
15.0,15.0,30.0,50.0,25.0,40.0,12,0,100.0,0.0,101.83,0.0,1221.99,0.0,0.0,0.0,6.82,-2.57,4.94,0.0,2,3,3080.4685
15.0,15.0,40.0,50.0,25.0,40.0,12,0,100.0,0.0,101.83,0.0,1221.99,0.0,0.0,0.0,6.82,-2.57,4.94,0.0,2,3,3080.4685
15.0,20.0,20.0,50.0,25.0,40.0,12,0,100.0,0.0,101.83,0.0,1221.99,0.0,0.0,0.0,6.82,-2.57,4.94,0.0,2,3,3080.4685
15.0,20.0,30.0,50.0,25.0,40.0,12,0,100.0,0.0,101.83,0.0,1221.99,0.0,0.0,0.0,6.82,-2.57,4.94,0.0,2,3,3080.4685
15.0,20.0,40.0,50.0,25.0,40.0,12,0,100.0,0.0,101.83,0.0,1221.99,0.0,0.0,0.0,6.82,-2.57,4.94,0.0,2,3,3080.4685
25.0,15.0,20.0,50.0,25.0,40.0,12,0,100.0,0.0,101.83,0.0,1221.99,0.0,0.0,0.0,6.82,-2.57,4.94,0.0,2,3,3080.4685
25.0,15.0,30.0,50.0,25.0,40.0,12,0,100.0,0.0,101.83,0.0,1221.99,0.0,0.0,0.0,6.82,-2.57,4.94,0.0,2,3,3080.4685
25.0,15.0,40.0,50.0,25.0,40.0,12,0,100.0,0.0,101.83,0.0,1221.99,0.0,0.0,0.0,6.82,-2.57,4.94,0.0,2,3,3080.4685
25.0,20.0,20.0,50.0,25.0,40.0,12,0,100.0,0.0,101.83,0.0,1221.99,0.0,0.0,0.0,6.82,-2.57,4.94,0.0,2,3,3080.4685
25.0,20.0,30.0,50.0,25.0,40.0,12,0,100.0,0.0,101.83,0.0,1221.99,0.0,0.0,0.0,6.82,-2.57,4.94,0.0,2,3,3080.4685
25.0,20.0,40.0,50.0,25.0,40.0,12,0,100.0,0.0,101.83,0.0,1221.99,0.0,0.0,0.0,6.82,-2.57,4.94,0.0,2,3,3080.4685
35.0,15.0,20.0,50.0,25.0,40.0,12,0,100.0,0.0,101.83,0.0,1221.99,0.0,0.0,0.0,6.82,-2.57,4.94,0.0,2,3,3080.4685
35.0,15.0,30.0,50.0,25.0,40.0,12,0,100.0,0.0,101.83,0.0,1221.99,0.0,0.0,0.0,6.82,-2.57,4.94,0.0,2,3,3080.4685
35.0,15.0,40.0,50.0,25.0,40.0,12,0,100.0,0.0,101.83,0.0,1221.99,0.0,0.0,0.0,6.82,-2.57,4.94,0.0,2,3,3080.4685
35.0,20.0,20.0,50.0,25.0,40.0,12,0,100.0,0.0,101.83,0.0,1221.99,0.0,0.0,0.0,6.82,-2.57,4.94,0.0,2,3,3080.4685
35.0,20.0,30.0,50.0,25.0,40.0,12,0,100.0,0.0,101.83,0.0,1221.99,0.0,0.0,0.0,6.82,-2.57,4.94,0.0,2,3,3080.4685
35.0,20.0,40.0,50.0,25.0,40.0,12,0,100.0,0.0,101.83,0.0,1221.99,0.0,0.0,0.0,6.82,-2.57,4.94,0.0,2,3,3080.4685
15.0,15.0,20.0,50.0,15.0,50.0,12,0,100.0,0.0,101.83,0.0,1221.99,0.0,0.0,0.0,6.48,-2.57,4.71,0.0,2,3,3078.6455
15.0,15.0,30.0,50.0,15.0,50.0,12,0,100.0,0.0,101.83,0.0,1221.99,0.0,0.0,0.0,6.48,-2.57,4.71,0.0,2,3,3078.6455
15.0,15.0,40.0,50.0,15.0,50.0,12,0,100.0,0.0,101.83,0.0,1221.99,0.0,0.0,0.0,6.48,-2.57,4.71,0.0,2,3,3078.6455
15.0,20.0,20.0,50.0,15.0,50.0,12,0,100.0,0.0,101.83,0.0,1221.99,0.0,0.0,0.0,6.48,-2.57,4.71,0.0,2,3,3078.6455
15.0,20.0,30.0,50.0,15.0,50.0,12,0,100.0,0.0,101.83,0.0,1221.99,0.0,0.0,0.0,6.48,-2.57,4.71,0.0,2,3,3078.6455
15.0,20.0,40.0,50.0,15.0,50.0,12,0,100.0,0.0,101.83,0.0,1221.99,0.0,0.0,0.0,6.48,-2.57,4.71,0.0,2,3,3078.6455
25.0,15.0,20.0,50.0,15.0,50.0,12,0,100.0,0.0,101.83,0.0,1221.99,0.0,0.0,0.0,6.48,-2.57,4.71,0.0,2,3,3078.6455
25.0,15.0,30.0,50.0,15.0,50.0,12,0,100.0,0.0,101.83,0.0,1221.99,0.0,0.0,0.0,6.48,-2.57,4.71,0.0,2,3,3078.6455
25.0,15.0,40.0,50.0,15.0,50.0,12,0,100.0,0.0,101.83,0.0,1221.99,0.0,0.0,0.0,6.48,-2.57,4.71,0.0,2,3,3078.6455
25.0,20.0,20.0,50.0,15.0,50.0,12,0,100.0,0.0,101.83,0.0,1221.99,0.0,0.0,0.0,6.48,-2.57,4.71,0.0,2,3,3078.6455
25.0,20.0,30.0,50.0,15.0,50.0,12,0,100.0,0.0,101.83,0.0,1221.99,0.0,0.0,0.0,6.48,-2.57,4.71,0.0,2,3,3078.6455
25.0,20.0,40.0,50.0,15.0,50.0,12,0,100.0,0.0,101.83,0.0,1221.99,0.0,0.0,0.0,6.48,-2.57,4.71,0.0,2,3,3078.6455
35.0,15.0,20.0,50.0,15.0,50.0,12,0,100.0,0.0,101.83,0.0,1221.99,0.0,0.0,0.0,6.48,-2.57,4.71,0.0,2,3,3078.6455
35.0,15.0,30.0,50.0,15.0,50.0,12,0,100.0,0.0,101.83,0.0,1221.99,0.0,0.0,0.0,6.48,-2.57,4.71,0.0,2,3,3078.6455
35.0,15.0,40.0,50.0,15.0,50.0,12,0,100.0,0.0,101.83,0.0,1221.99,0.0,0.0,0.0,6.48,-2.57,4.71,0.0,2,3,3078.6455
35.0,20.0,20.0,50.0,15.0,50.0,12,0,100.0,0.0,101.83,0.0,1221.99,0.0,0.0,0.0,6.48,-2.57,4.71,0.0,2,3,3078.6455
35.0,20.0,30.0,50.0,15.0,50.0,12,0,100.0,0.0,101.83,0.0,1221.99,0.0,0.0,0.0,6.48,-2.57,4.71,0.0,2,3,3078.6455
35.0,20.0,40.0,50.0,15.0,50.0,12,0,100.0,0.0,101.83,0.0,1221.99,0.0,0.0,0.0,6.48,-2.57,4.71,0.0,2,3,3078.6455
15.0,15.0,20.0,75.0,25.0,25.0,12,0,100.0,0.0,101.83,0.0,1221.99,0.0,0.0,0.0,6.34,-2.57,4.57,0.0,2,3,3077.5325
15.0,15.0,30.0,75.0,25.0,25.0,12,0,100.0,0.0,101.83,0.0,1221.99,0.0,0.0,0.0,6.34,-2.57,4.57,0.0,2,3,3077.5325
15.0,15.0,40.0,75.0,25.0,25.0,12,0,100.0,0.0,101.83,0.0,1221.99,0.0,0.0,0.0,6.34,-2.57,4.57,0.0,2,3,3077.5325
15.0,20.0,20.0,75.0,25.0,25.0,12,0,100.0,0.0,101.83,0.0,1221.99,0.0,0.0,0.0,6.34,-2.57,4.57,0.0,2,3,3077.5325
15.0,20.0,30.0,75.0,25.0,25.0,12,0,100.0,0.0,101.83,0.0,1221.99,0.0,0.0,0.0,6.34,-2.57,4.57,0.0,2,3,3077.5325
15.0,20.0,40.0,75.0,25.0,25.0,12,0,100.0,0.0,101.83,0.0,1221.99,0.0,0.0,0.0,6.34,-2.57,4.57,0.0,2,3,3077.5325
25.0,15.0,20.0,75.0,25.0,25.0,12,0,100.0,0.0,101.83,0.0,1221.99,0.0,0.0,0.0,6.34,-2.57,4.57,0.0,2,3,3077.5325
25.0,15.0,30.0,75.0,25.0,25.0,12,0,100.0,0.0,101.83,0.0,1221.99,0.0,0.0,0.0,6.34,-2.57,4.57,0.0,2,3,3077.5325
25.0,15.0,40.0,75.0,25.0,25.0,12,0,100.0,0.0,101.83,0.0,1221.99,0.0,0.0,0.0,6.34,-2.57,4.57,0.0,2,3,3077.5325
25.0,20.0,20.0,75.0,25.0,25.0,12,0,100.0,0.0,101.83,0.0,1221.99,0.0,0.0,0.0,6.34,-2.57,4.57,0.0,2,3,3077.5325
25.0,20.0,30.0,75.0,25.0,25.0,12,0,100.0,0.0,101.83,0.0,1221.99,0.0,0.0,0.0,6.34,-2.57,4.57,0.0,2,3,3077.5325
25.0,20.0,40.0,75.0,25.0,25.0,12,0,100.0,0.0,101.83,0.0,1221.99,0.0,0.0,0.0,6.34,-2.57,4.57,0.0,2,3,3077.5325
35.0,15.0,20.0,75.0,25.0,25.0,12,0,100.0,0.0,101.83,0.0,1221.99,0.0,0.0,0.0,6.34,-2.57,4.57,0.0,2,3,3077.5325
35.0,15.0,30.0,75.0,25.0,25.0,12,0,100.0,0.0,101.83,0.0,1221.99,0.0,0.0,0.0,6.34,-2.57,4.57,0.0,2,3,3077.5325
35.0,15.0,40.0,75.0,25.0,25.0,12,0,100.0,0.0,101.83,0.0,1221.99,0.0,0.0,0.0,6.34,-2.57,4.57,0.0,2,3,3077.5325
35.0,20.0,20.0,75.0,25.0,25.0,12,0,100.0,0.0,101.83,0.0,1221.99,0.0,0.0,0.0,6.34,-2.57,4.57,0.0,2,3,3077.5325
35.0,20.0,30.0,75.0,25.0,25.0,12,0,100.0,0.0,101.83,0.0,1221.99,0.0,0.0,0.0,6.34,-2.57,4.57,0.0,2,3,3077.5325
35.0,20.0,40.0,75.0,25.0,25.0,12,0,100.0,0.0,101.83,0.0,1221.99,0.0,0.0,0.0,6.34,-2.57,4.57,0.0,2,3,3077.5325
15.0,15.0,20.0,75.0,15.0,25.0,12,0,100.0,0.0,101.83,0.0,1221.99,0.0,0.0,0.0,6.42,-2.57,4.46,0.0,2,3,3076.6485
15.0,15.0,30.0,75.0,15.0,25.0,12,0,100.0,0.0,101.83,0.0,1221.99,0.0,0.0,0.0,6.42,-2.57,4.46,0.0,2,3,3076.6485
15.0,15.0,40.0,75.0,15.0,25.0,12,0,100.0,0.0,101.83,0.0,1221.99,0.0,0.0,0.0,6.42,-2.57,4.46,0.0,2,3,3076.6485
15.0,20.0,20.0,75.0,15.0,25.0,12,0,100.0,0.0,101.83,0.0,1221.99,0.0,0.0,0.0,6.42,-2.57,4.46,0.0,2,3,3076.6485
15.0,20.0,30.0,75.0,15.0,25.0,12,0,100.0,0.0,101.83,0.0,1221.99,0.0,0.0,0.0,6.42,-2.57,4.46,0.0,2,3,3076.6485
15.0,20.0,40.0,75.0,15.0,25.0,12,0,100.0,0.0,101.83,0.0,1221.99,0.0,0.0,0.0,6.42,-2.57,4.46,0.0,2,3,3076.6485
25.0,15.0,20.0,75.0,15.0,25.0,12,0,100.0,0.0,101.83,0.0,1221.99,0.0,0.0,0.0,6.42,-2.57,4.46,0.0,2,3,3076.6485
25.0,15.0,30.0,75.0,15.0,25.0,12,0,100.0,0.0,101.83,0.0,1221.99,0.0,0.0,0.0,6.42,-2.57,4.46,0.0,2,3,3076.6485
25.0,15.0,40.0,75.0,15.0,25.0,12,0,100.0,0.0,101.83,0.0,1221.99,0.0,0.0,0.0,6.42,-2.57,4.46,0.0,2,3,3076.6485
25.0,20.0,20.0,75.0,15.0,25.0,12,0,100.0,0.0,101.83,0.0,1221.99,0.0,0.0,0.0,6.42,-2.57,4.46,0.0,2,3,3076.6485
25.0,20.0,30.0,75.0,15.0,25.0,12,0,100.0,0.0,101.83,0.0,1221.99,0.0,0.0,0.0,6.42,-2.57,4.46,0.0,2,3,3076.6485
25.0,20.0,40.0,75.0,15.0,25.0,12,0,100.0,0.0,101.83,0.0,1221.99,0.0,0.0,0.0,6.42,-2.57,4.46,0.0,2,3,3076.6485
35.0,15.0,20.0,75.0,15.0,25.0,12,0,100.0,0.0,101.83,0.0,1221.99,0.0,0.0,0.0,6.42,-2.57,4.46,0.0,2,3,3076.6485
35.0,15.0,30.0,75.0,15.0,25.0,12,0,100.0,0.0,101.83,0.0,1221.99,0.0,0.0,0.0,6.42,-2.57,4.46,0.0,2,3,3076.6485
35.0,15.0,40.0,75.0,15.0,25.0,12,0,100.0,0.0,101.83,0.0,1221.99,0.0,0.0,0.0,6.42,-2.57,4.46,0.0,2,3,3076.6485
35.0,20.0,20.0,75.0,15.0,25.0,12,0,100.0,0.0,101.83,0.0,1221.99,0.0,0.0,0.0,6.42,-2.57,4.46,0.0,2,3,3076.6485
35.0,20.0,30.0,75.0,15.0,25.0,12,0,100.0,0.0,101.83,0.0,1221.99,0.0,0.0,0.0,6.42,-2.57,4.46,0.0,2,3,3076.6485
35.0,20.0,40.0,75.0,15.0,25.0,12,0,100.0,0.0,101.83,0.0,1221.99,0.0,0.0,0.0,6.42,-2.57,4.46,0.0,2,3,3076.6485
15.0,10.0,20.0,50.0,25.0,40.0,13,0,100.0,0.0,92.92,0.0,1207.93,0.0,0.0,0.0,6.29,-2.35,4.69,0.0,3,3,2997.058
15.0,10.0,30.0,50.0,25.0,40.0,13,0,100.0,0.0,92.92,0.0,1207.93,0.0,0.0,0.0,6.29,-2.35,4.69,0.0,3,3,2997.058
15.0,10.0,40.0,50.0,25.0,40.0,13,0,100.0,0.0,92.92,0.0,1207.93,0.0,0.0,0.0,6.29,-2.35,4.69,0.0,3,3,2997.058
25.0,10.0,20.0,50.0,25.0,40.0,13,0,100.0,0.0,92.92,0.0,1207.93,0.0,0.0,0.0,6.29,-2.35,4.69,0.0,3,3,2997.058
25.0,10.0,30.0,50.0,25.0,40.0,13,0,100.0,0.0,92.92,0.0,1207.93,0.0,0.0,0.0,6.29,-2.35,4.69,0.0,3,3,2997.058
25.0,10.0,40.0,50.0,25.0,40.0,13,0,100.0,0.0,92.92,0.0,1207.93,0.0,0.0,0.0,6.29,-2.35,4.69,0.0,3,3,2997.058
35.0,10.0,20.0,50.0,25.0,40.0,13,0,100.0,0.0,92.92,0.0,1207.93,0.0,0.0,0.0,6.29,-2.35,4.69,0.0,3,3,2997.058
35.0,10.0,30.0,50.0,25.0,40.0,13,0,100.0,0.0,92.92,0.0,1207.93,0.0,0.0,0.0,6.29,-2.35,4.69,0.0,3,3,2997.058
35.0,10.0,40.0,50.0,25.0,40.0,13,0,100.0,0.0,92.92,0.0,1207.93,0.0,0.0,0.0,6.29,-2.35,4.69,0.0,3,3,2997.058
15.0,10.0,20.0,50.0,15.0,50.0,13,0,100.0,0.0,92.92,0.0,1207.93,0.0,0.0,0.0,5.94,-2.35,4.47,0.0,3,3,2995.3155
15.0,10.0,30.0,50.0,15.0,50.0,13,0,100.0,0.0,92.92,0.0,1207.93,0.0,0.0,0.0,5.94,-2.35,4.47,0.0,3,3,2995.3155
15.0,10.0,40.0,50.0,15.0,50.0,13,0,100.0,0.0,92.92,0.0,1207.93,0.0,0.0,0.0,5.94,-2.35,4.47,0.0,3,3,2995.3155
25.0,10.0,20.0,50.0,15.0,50.0,13,0,100.0,0.0,92.92,0.0,1207.93,0.0,0.0,0.0,5.94,-2.35,4.47,0.0,3,3,2995.3155
25.0,10.0,30.0,50.0,15.0,50.0,13,0,100.0,0.0,92.92,0.0,1207.93,0.0,0.0,0.0,5.94,-2.35,4.47,0.0,3,3,2995.3155
25.0,10.0,40.0,50.0,15.0,50.0,13,0,100.0,0.0,92.92,0.0,1207.93,0.0,0.0,0.0,5.94,-2.35,4.47,0.0,3,3,2995.3155
35.0,10.0,20.0,50.0,15.0,50.0,13,0,100.0,0.0,92.92,0.0,1207.93,0.0,0.0,0.0,5.94,-2.35,4.47,0.0,3,3,2995.3155
35.0,10.0,30.0,50.0,15.0,50.0,13,0,100.0,0.0,92.92,0.0,1207.93,0.0,0.0,0.0,5.94,-2.35,4.47,0.0,3,3,2995.3155
35.0,10.0,40.0,50.0,15.0,50.0,13,0,100.0,0.0,92.92,0.0,1207.93,0.0,0.0,0.0,5.94,-2.35,4.47,0.0,3,3,2995.3155
15.0,10.0,20.0,75.0,25.0,25.0,13,0,100.0,0.0,92.92,0.0,1207.93,0.0,0.0,0.0,5.81,-2.35,4.33,0.0,3,3,2994.202
15.0,10.0,30.0,75.0,25.0,25.0,13,0,100.0,0.0,92.92,0.0,1207.93,0.0,0.0,0.0,5.81,-2.35,4.33,0.0,3,3,2994.202
15.0,10.0,40.0,75.0,25.0,25.0,13,0,100.0,0.0,92.92,0.0,1207.93,0.0,0.0,0.0,5.81,-2.35,4.33,0.0,3,3,2994.202
25.0,10.0,20.0,75.0,25.0,25.0,13,0,100.0,0.0,92.92,0.0,1207.93,0.0,0.0,0.0,5.81,-2.35,4.33,0.0,3,3,2994.202
25.0,10.0,30.0,75.0,25.0,25.0,13,0,100.0,0.0,92.92,0.0,1207.93,0.0,0.0,0.0,5.81,-2.35,4.33,0.0,3,3,2994.202
25.0,10.0,40.0,75.0,25.0,25.0,13,0,100.0,0.0,92.92,0.0,1207.93,0.0,0.0,0.0,5.81,-2.35,4.33,0.0,3,3,2994.202
35.0,10.0,20.0,75.0,25.0,25.0,13,0,100.0,0.0,92.92,0.0,1207.93,0.0,0.0,0.0,5.81,-2.35,4.33,0.0,3,3,2994.202
35.0,10.0,30.0,75.0,25.0,25.0,13,0,100.0,0.0,92.92,0.0,1207.93,0.0,0.0,0.0,5.81,-2.35,4.33,0.0,3,3,2994.202
35.0,10.0,40.0,75.0,25.0,25.0,13,0,100.0,0.0,92.92,0.0,1207.93,0.0,0.0,0.0,5.81,-2.35,4.33,0.0,3,3,2994.202
15.0,10.0,20.0,75.0,15.0,25.0,13,0,100.0,0.0,92.92,0.0,1207.93,0.0,0.0,0.0,5.92,-2.35,4.24,0.0,3,3,2993.4765
15.0,10.0,30.0,75.0,15.0,25.0,13,0,100.0,0.0,92.92,0.0,1207.93,0.0,0.0,0.0,5.92,-2.35,4.24,0.0,3,3,2993.4765
15.0,10.0,40.0,75.0,15.0,25.0,13,0,100.0,0.0,92.92,0.0,1207.93,0.0,0.0,0.0,5.92,-2.35,4.24,0.0,3,3,2993.4765
25.0,10.0,20.0,75.0,15.0,25.0,13,0,100.0,0.0,92.92,0.0,1207.93,0.0,0.0,0.0,5.92,-2.35,4.24,0.0,3,3,2993.4765
25.0,10.0,30.0,75.0,15.0,25.0,13,0,100.0,0.0,92.92,0.0,1207.93,0.0,0.0,0.0,5.92,-2.35,4.24,0.0,3,3,2993.4765
25.0,10.0,40.0,75.0,15.0,25.0,13,0,100.0,0.0,92.92,0.0,1207.93,0.0,0.0,0.0,5.92,-2.35,4.24,0.0,3,3,2993.4765
35.0,10.0,20.0,75.0,15.0,25.0,13,0,100.0,0.0,92.92,0.0,1207.93,0.0,0.0,0.0,5.92,-2.35,4.24,0.0,3,3,2993.4765
35.0,10.0,30.0,75.0,15.0,25.0,13,0,100.0,0.0,92.92,0.0,1207.93,0.0,0.0,0.0,5.92,-2.35,4.24,0.0,3,3,2993.4765
35.0,10.0,40.0,75.0,15.0,25.0,13,0,100.0,0.0,92.92,0.0,1207.93,0.0,0.0,0.0,5.92,-2.35,4.24,0.0,3,3,2993.4765
15.0,10.0,20.0,50.0,15.0,25.0,13,0,100.0,0.0,92.61,0.0,1203.88,0.0,0.0,0.0,7.49,-2.35,5.26,0.0,3,3,2991.598
15.0,10.0,30.0,50.0,15.0,25.0,13,0,100.0,0.0,92.61,0.0,1203.88,0.0,0.0,0.0,7.49,-2.35,5.26,0.0,3,3,2991.598
15.0,10.0,40.0,50.0,15.0,25.0,13,0,100.0,0.0,92.61,0.0,1203.88,0.0,0.0,0.0,7.49,-2.35,5.26,0.0,3,3,2991.598
25.0,10.0,20.0,50.0,15.0,25.0,13,0,100.0,0.0,92.61,0.0,1203.88,0.0,0.0,0.0,7.49,-2.35,5.26,0.0,3,3,2991.598
25.0,10.0,30.0,50.0,15.0,25.0,13,0,100.0,0.0,92.61,0.0,1203.88,0.0,0.0,0.0,7.49,-2.35,5.26,0.0,3,3,2991.598
25.0,10.0,40.0,50.0,15.0,25.0,13,0,100.0,0.0,92.61,0.0,1203.88,0.0,0.0,0.0,7.49,-2.35,5.26,0.0,3,3,2991.598
35.0,10.0,20.0,50.0,15.0,25.0,13,0,100.0,0.0,92.61,0.0,1203.88,0.0,0.0,0.0,7.49,-2.35,5.26,0.0,3,3,2991.598
35.0,10.0,30.0,50.0,15.0,25.0,13,0,100.0,0.0,92.61,0.0,1203.88,0.0,0.0,0.0,7.49,-2.35,5.26,0.0,3,3,2991.598
35.0,10.0,40.0,50.0,15.0,25.0,13,0,100.0,0.0,92.61,0.0,1203.88,0.0,0.0,0.0,7.49,-2.35,5.26,0.0,3,3,2991.598
15.0,10.0,20.0,50.0,25.0,25.0,13,0,100.0,0.0,92.61,0.0,1203.88,0.0,0.0,0.0,7.11,-2.35,5.25,0.0,3,3,2991.537
15.0,10.0,30.0,50.0,25.0,25.0,13,0,100.0,0.0,92.61,0.0,1203.88,0.0,0.0,0.0,7.11,-2.35,5.25,0.0,3,3,2991.537
15.0,10.0,40.0,50.0,25.0,25.0,13,0,100.0,0.0,92.61,0.0,1203.88,0.0,0.0,0.0,7.11,-2.35,5.25,0.0,3,3,2991.537
25.0,10.0,20.0,50.0,25.0,25.0,13,0,100.0,0.0,92.61,0.0,1203.88,0.0,0.0,0.0,7.11,-2.35,5.25,0.0,3,3,2991.537
25.0,10.0,30.0,50.0,25.0,25.0,13,0,100.0,0.0,92.61,0.0,1203.88,0.0,0.0,0.0,7.11,-2.35,5.25,0.0,3,3,2991.537
25.0,10.0,40.0,50.0,25.0,25.0,13,0,100.0,0.0,92.61,0.0,1203.88,0.0,0.0,0.0,7.11,-2.35,5.25,0.0,3,3,2991.537
35.0,10.0,20.0,50.0,25.0,25.0,13,0,100.0,0.0,92.61,0.0,1203.88,0.0,0.0,0.0,7.11,-2.35,5.25,0.0,3,3,2991.537
35.0,10.0,30.0,50.0,25.0,25.0,13,0,100.0,0.0,92.61,0.0,1203.88,0.0,0.0,0.0,7.11,-2.35,5.25,0.0,3,3,2991.537
35.0,10.0,40.0,50.0,25.0,25.0,13,0,100.0,0.0,92.61,0.0,1203.88,0.0,0.0,0.0,7.11,-2.35,5.25,0.0,3,3,2991.537
15.0,10.0,20.0,50.0,35.0,25.0,13,0,100.0,0.0,92.61,0.0,1203.88,0.0,0.0,0.0,6.83,-2.35,5.18,0.0,3,3,2990.991
15.0,10.0,30.0,50.0,35.0,25.0,13,0,100.0,0.0,92.61,0.0,1203.88,0.0,0.0,0.0,6.83,-2.35,5.18,0.0,3,3,2990.991
15.0,10.0,40.0,50.0,35.0,25.0,13,0,100.0,0.0,92.61,0.0,1203.88,0.0,0.0,0.0,6.83,-2.35,5.18,0.0,3,3,2990.991
25.0,10.0,20.0,50.0,35.0,25.0,13,0,100.0,0.0,92.61,0.0,1203.88,0.0,0.0,0.0,6.83,-2.35,5.18,0.0,3,3,2990.991
25.0,10.0,30.0,50.0,35.0,25.0,13,0,100.0,0.0,92.61,0.0,1203.88,0.0,0.0,0.0,6.83,-2.35,5.18,0.0,3,3,2990.991
25.0,10.0,40.0,50.0,35.0,25.0,13,0,100.0,0.0,92.61,0.0,1203.88,0.0,0.0,0.0,6.83,-2.35,5.18,0.0,3,3,2990.991
35.0,10.0,20.0,50.0,35.0,25.0,13,0,100.0,0.0,92.61,0.0,1203.88,0.0,0.0,0.0,6.83,-2.35,5.18,0.0,3,3,2990.991
35.0,10.0,30.0,50.0,35.0,25.0,13,0,100.0,0.0,92.61,0.0,1203.88,0.0,0.0,0.0,6.83,-2.35,5.18,0.0,3,3,2990.991
35.0,10.0,40.0,50.0,35.0,25.0,13,0,100.0,0.0,92.61,0.0,1203.88,0.0,0.0,0.0,6.83,-2.35,5.18,0.0,3,3,2990.991
15.0,10.0,20.0,50.0,15.0,40.0,13,0,100.0,0.0,92.61,0.0,1203.88,0.0,0.0,0.0,6.47,-2.35,4.76,0.0,3,3,2987.649
15.0,10.0,30.0,50.0,15.0,40.0,13,0,100.0,0.0,92.61,0.0,1203.88,0.0,0.0,0.0,6.47,-2.35,4.76,0.0,3,3,2987.649
15.0,10.0,40.0,50.0,15.0,40.0,13,0,100.0,0.0,92.61,0.0,1203.88,0.0,0.0,0.0,6.47,-2.35,4.76,0.0,3,3,2987.649
25.0,10.0,20.0,50.0,15.0,40.0,13,0,100.0,0.0,92.61,0.0,1203.88,0.0,0.0,0.0,6.47,-2.35,4.76,0.0,3,3,2987.649
25.0,10.0,30.0,50.0,15.0,40.0,13,0,100.0,0.0,92.61,0.0,1203.88,0.0,0.0,0.0,6.47,-2.35,4.76,0.0,3,3,2987.649
25.0,10.0,40.0,50.0,15.0,40.0,13,0,100.0,0.0,92.61,0.0,1203.88,0.0,0.0,0.0,6.47,-2.35,4.76,0.0,3,3,2987.649
35.0,10.0,20.0,50.0,15.0,40.0,13,0,100.0,0.0,92.61,0.0,1203.88,0.0,0.0,0.0,6.47,-2.35,4.76,0.0,3,3,2987.649
35.0,10.0,30.0,50.0,15.0,40.0,13,0,100.0,0.0,92.61,0.0,1203.88,0.0,0.0,0.0,6.47,-2.35,4.76,0.0,3,3,2987.649
35.0,10.0,40.0,50.0,15.0,40.0,13,0,100.0,0.0,92.61,0.0,1203.88,0.0,0.0,0.0,6.47,-2.35,4.76,0.0,3,3,2987.649
15.0,15.0,20.0,50.0,35.0,40.0,11,0,100.0,0.0,89.99,0.0,989.88,0.0,0.0,0.0,6.68,-2.57,4.93,0.0,2,3,2545.1355
15.0,15.0,30.0,50.0,35.0,40.0,11,0,100.0,0.0,89.99,0.0,989.88,0.0,0.0,0.0,6.68,-2.57,4.93,0.0,2,3,2545.1355
15.0,15.0,40.0,50.0,35.0,40.0,11,0,100.0,0.0,89.99,0.0,989.88,0.0,0.0,0.0,6.68,-2.57,4.93,0.0,2,3,2545.1355
15.0,20.0,20.0,50.0,35.0,40.0,11,0,100.0,0.0,89.99,0.0,989.88,0.0,0.0,0.0,6.68,-2.57,4.93,0.0,2,3,2545.1355
15.0,20.0,30.0,50.0,35.0,40.0,11,0,100.0,0.0,89.99,0.0,989.88,0.0,0.0,0.0,6.68,-2.57,4.93,0.0,2,3,2545.1355
15.0,20.0,40.0,50.0,35.0,40.0,11,0,100.0,0.0,89.99,0.0,989.88,0.0,0.0,0.0,6.68,-2.57,4.93,0.0,2,3,2545.1355
25.0,15.0,20.0,50.0,35.0,40.0,11,0,100.0,0.0,89.99,0.0,989.88,0.0,0.0,0.0,6.68,-2.57,4.93,0.0,2,3,2545.1355
25.0,15.0,30.0,50.0,35.0,40.0,11,0,100.0,0.0,89.99,0.0,989.88,0.0,0.0,0.0,6.68,-2.57,4.93,0.0,2,3,2545.1355
25.0,15.0,40.0,50.0,35.0,40.0,11,0,100.0,0.0,89.99,0.0,989.88,0.0,0.0,0.0,6.68,-2.57,4.93,0.0,2,3,2545.1355
25.0,20.0,20.0,50.0,35.0,40.0,11,0,100.0,0.0,89.99,0.0,989.88,0.0,0.0,0.0,6.68,-2.57,4.93,0.0,2,3,2545.1355
25.0,20.0,30.0,50.0,35.0,40.0,11,0,100.0,0.0,89.99,0.0,989.88,0.0,0.0,0.0,6.68,-2.57,4.93,0.0,2,3,2545.1355
25.0,20.0,40.0,50.0,35.0,40.0,11,0,100.0,0.0,89.99,0.0,989.88,0.0,0.0,0.0,6.68,-2.57,4.93,0.0,2,3,2545.1355
35.0,15.0,20.0,50.0,35.0,40.0,11,0,100.0,0.0,89.99,0.0,989.88,0.0,0.0,0.0,6.68,-2.57,4.93,0.0,2,3,2545.1355
35.0,15.0,30.0,50.0,35.0,40.0,11,0,100.0,0.0,89.99,0.0,989.88,0.0,0.0,0.0,6.68,-2.57,4.93,0.0,2,3,2545.1355
35.0,15.0,40.0,50.0,35.0,40.0,11,0,100.0,0.0,89.99,0.0,989.88,0.0,0.0,0.0,6.68,-2.57,4.93,0.0,2,3,2545.1355
35.0,20.0,20.0,50.0,35.0,40.0,11,0,100.0,0.0,89.99,0.0,989.88,0.0,0.0,0.0,6.68,-2.57,4.93,0.0,2,3,2545.1355
35.0,20.0,30.0,50.0,35.0,40.0,11,0,100.0,0.0,89.99,0.0,989.88,0.0,0.0,0.0,6.68,-2.57,4.93,0.0,2,3,2545.1355
35.0,20.0,40.0,50.0,35.0,40.0,11,0,100.0,0.0,89.99,0.0,989.88,0.0,0.0,0.0,6.68,-2.57,4.93,0.0,2,3,2545.1355
15.0,15.0,20.0,50.0,25.0,50.0,11,0,100.0,0.0,89.99,0.0,989.88,0.0,0.0,0.0,6.37,-2.57,4.59,0.0,2,3,2542.431
15.0,15.0,30.0,50.0,25.0,50.0,11,0,100.0,0.0,89.99,0.0,989.88,0.0,0.0,0.0,6.37,-2.57,4.59,0.0,2,3,2542.431
15.0,15.0,40.0,50.0,25.0,50.0,11,0,100.0,0.0,89.99,0.0,989.88,0.0,0.0,0.0,6.37,-2.57,4.59,0.0,2,3,2542.431
15.0,20.0,20.0,50.0,25.0,50.0,11,0,100.0,0.0,89.99,0.0,989.88,0.0,0.0,0.0,6.37,-2.57,4.59,0.0,2,3,2542.431
15.0,20.0,30.0,50.0,25.0,50.0,11,0,100.0,0.0,89.99,0.0,989.88,0.0,0.0,0.0,6.37,-2.57,4.59,0.0,2,3,2542.431
15.0,20.0,40.0,50.0,25.0,50.0,11,0,100.0,0.0,89.99,0.0,989.88,0.0,0.0,0.0,6.37,-2.57,4.59,0.0,2,3,2542.431
25.0,15.0,20.0,50.0,25.0,50.0,11,0,100.0,0.0,89.99,0.0,989.88,0.0,0.0,0.0,6.37,-2.57,4.59,0.0,2,3,2542.431
25.0,15.0,30.0,50.0,25.0,50.0,11,0,100.0,0.0,89.99,0.0,989.88,0.0,0.0,0.0,6.37,-2.57,4.59,0.0,2,3,2542.431
25.0,15.0,40.0,50.0,25.0,50.0,11,0,100.0,0.0,89.99,0.0,989.88,0.0,0.0,0.0,6.37,-2.57,4.59,0.0,2,3,2542.431
25.0,20.0,20.0,50.0,25.0,50.0,11,0,100.0,0.0,89.99,0.0,989.88,0.0,0.0,0.0,6.37,-2.57,4.59,0.0,2,3,2542.431
25.0,20.0,30.0,50.0,25.0,50.0,11,0,100.0,0.0,89.99,0.0,989.88,0.0,0.0,0.0,6.37,-2.57,4.59,0.0,2,3,2542.431
25.0,20.0,40.0,50.0,25.0,50.0,11,0,100.0,0.0,89.99,0.0,989.88,0.0,0.0,0.0,6.37,-2.57,4.59,0.0,2,3,2542.431
35.0,15.0,20.0,50.0,25.0,50.0,11,0,100.0,0.0,89.99,0.0,989.88,0.0,0.0,0.0,6.37,-2.57,4.59,0.0,2,3,2542.431
35.0,15.0,30.0,50.0,25.0,50.0,11,0,100.0,0.0,89.99,0.0,989.88,0.0,0.0,0.0,6.37,-2.57,4.59,0.0,2,3,2542.431
35.0,15.0,40.0,50.0,25.0,50.0,11,0,100.0,0.0,89.99,0.0,989.88,0.0,0.0,0.0,6.37,-2.57,4.59,0.0,2,3,2542.431
35.0,20.0,20.0,50.0,25.0,50.0,11,0,100.0,0.0,89.99,0.0,989.88,0.0,0.0,0.0,6.37,-2.57,4.59,0.0,2,3,2542.431
35.0,20.0,30.0,50.0,25.0,50.0,11,0,100.0,0.0,89.99,0.0,989.88,0.0,0.0,0.0,6.37,-2.57,4.59,0.0,2,3,2542.431
35.0,20.0,40.0,50.0,25.0,50.0,11,0,100.0,0.0,89.99,0.0,989.88,0.0,0.0,0.0,6.37,-2.57,4.59,0.0,2,3,2542.431
15.0,10.0,20.0,50.0,35.0,40.0,12,0,100.0,0.0,82.41,0.0,988.92,0.0,0.0,0.0,6.13,-2.35,4.68,0.0,3,3,2495.906
15.0,10.0,30.0,50.0,35.0,40.0,12,0,100.0,0.0,82.41,0.0,988.92,0.0,0.0,0.0,6.13,-2.35,4.68,0.0,3,3,2495.906
15.0,10.0,40.0,50.0,35.0,40.0,12,0,100.0,0.0,82.41,0.0,988.92,0.0,0.0,0.0,6.13,-2.35,4.68,0.0,3,3,2495.906
25.0,10.0,20.0,50.0,35.0,40.0,12,0,100.0,0.0,82.41,0.0,988.92,0.0,0.0,0.0,6.13,-2.35,4.68,0.0,3,3,2495.906
25.0,10.0,30.0,50.0,35.0,40.0,12,0,100.0,0.0,82.41,0.0,988.92,0.0,0.0,0.0,6.13,-2.35,4.68,0.0,3,3,2495.906
25.0,10.0,40.0,50.0,35.0,40.0,12,0,100.0,0.0,82.41,0.0,988.92,0.0,0.0,0.0,6.13,-2.35,4.68,0.0,3,3,2495.906
35.0,10.0,20.0,50.0,35.0,40.0,12,0,100.0,0.0,82.41,0.0,988.92,0.0,0.0,0.0,6.13,-2.35,4.68,0.0,3,3,2495.906
35.0,10.0,30.0,50.0,35.0,40.0,12,0,100.0,0.0,82.41,0.0,988.92,0.0,0.0,0.0,6.13,-2.35,4.68,0.0,3,3,2495.906
35.0,10.0,40.0,50.0,35.0,40.0,12,0,100.0,0.0,82.41,0.0,988.92,0.0,0.0,0.0,6.13,-2.35,4.68,0.0,3,3,2495.906
15.0,10.0,20.0,50.0,25.0,50.0,11,0,100.0,0.0,72.7,0.0,799.7,0.0,0.0,0.0,5.81,-2.35,4.33,0.0,3,3,2056.422
15.0,10.0,30.0,50.0,25.0,50.0,11,0,100.0,0.0,72.7,0.0,799.7,0.0,0.0,0.0,5.81,-2.35,4.33,0.0,3,3,2056.422
15.0,10.0,40.0,50.0,25.0,50.0,11,0,100.0,0.0,72.7,0.0,799.7,0.0,0.0,0.0,5.81,-2.35,4.33,0.0,3,3,2056.422
25.0,10.0,20.0,50.0,25.0,50.0,11,0,100.0,0.0,72.7,0.0,799.7,0.0,0.0,0.0,5.81,-2.35,4.33,0.0,3,3,2056.422
25.0,10.0,30.0,50.0,25.0,50.0,11,0,100.0,0.0,72.7,0.0,799.7,0.0,0.0,0.0,5.81,-2.35,4.33,0.0,3,3,2056.422
25.0,10.0,40.0,50.0,25.0,50.0,11,0,100.0,0.0,72.7,0.0,799.7,0.0,0.0,0.0,5.81,-2.35,4.33,0.0,3,3,2056.422
35.0,10.0,20.0,50.0,25.0,50.0,11,0,100.0,0.0,72.7,0.0,799.7,0.0,0.0,0.0,5.81,-2.35,4.33,0.0,3,3,2056.422
35.0,10.0,30.0,50.0,25.0,50.0,11,0,100.0,0.0,72.7,0.0,799.7,0.0,0.0,0.0,5.81,-2.35,4.33,0.0,3,3,2056.422
35.0,10.0,40.0,50.0,25.0,50.0,11,0,100.0,0.0,72.7,0.0,799.7,0.0,0.0,0.0,5.81,-2.35,4.33,0.0,3,3,2056.422
15.0,10.0,20.0,50.0,35.0,50.0,10,0,100.0,0.0,65.39,0.0,653.87,0.0,0.0,0.0,5.73,-2.35,4.25,0.0,3,3,1720.266
15.0,10.0,30.0,50.0,35.0,50.0,10,0,100.0,0.0,65.39,0.0,653.87,0.0,0.0,0.0,5.73,-2.35,4.25,0.0,3,3,1720.266
15.0,10.0,40.0,50.0,35.0,50.0,10,0,100.0,0.0,65.39,0.0,653.87,0.0,0.0,0.0,5.73,-2.35,4.25,0.0,3,3,1720.266
25.0,10.0,20.0,50.0,35.0,50.0,10,0,100.0,0.0,65.39,0.0,653.87,0.0,0.0,0.0,5.73,-2.35,4.25,0.0,3,3,1720.266
25.0,10.0,30.0,50.0,35.0,50.0,10,0,100.0,0.0,65.39,0.0,653.87,0.0,0.0,0.0,5.73,-2.35,4.25,0.0,3,3,1720.266
25.0,10.0,40.0,50.0,35.0,50.0,10,0,100.0,0.0,65.39,0.0,653.87,0.0,0.0,0.0,5.73,-2.35,4.25,0.0,3,3,1720.266
35.0,10.0,20.0,50.0,35.0,50.0,10,0,100.0,0.0,65.39,0.0,653.87,0.0,0.0,0.0,5.73,-2.35,4.25,0.0,3,3,1720.266
35.0,10.0,30.0,50.0,35.0,50.0,10,0,100.0,0.0,65.39,0.0,653.87,0.0,0.0,0.0,5.73,-2.35,4.25,0.0,3,3,1720.266
35.0,10.0,40.0,50.0,35.0,50.0,10,0,100.0,0.0,65.39,0.0,653.87,0.0,0.0,0.0,5.73,-2.35,4.25,0.0,3,3,1720.266
15.0,15.0,20.0,50.0,35.0,50.0,9,0,100.0,0.0,70.32,0.0,632.87,0.0,0.0,0.0,6.26,-2.57,4.48,0.0,2,3,1709.5165
15.0,15.0,30.0,50.0,35.0,50.0,9,0,100.0,0.0,70.32,0.0,632.87,0.0,0.0,0.0,6.26,-2.57,4.48,0.0,2,3,1709.5165
15.0,15.0,40.0,50.0,35.0,50.0,9,0,100.0,0.0,70.32,0.0,632.87,0.0,0.0,0.0,6.26,-2.57,4.48,0.0,2,3,1709.5165
15.0,20.0,20.0,50.0,35.0,50.0,9,0,100.0,0.0,70.32,0.0,632.87,0.0,0.0,0.0,6.26,-2.57,4.48,0.0,2,3,1709.5165
15.0,20.0,30.0,50.0,35.0,50.0,9,0,100.0,0.0,70.32,0.0,632.87,0.0,0.0,0.0,6.26,-2.57,4.48,0.0,2,3,1709.5165
15.0,20.0,40.0,50.0,35.0,50.0,9,0,100.0,0.0,70.32,0.0,632.87,0.0,0.0,0.0,6.26,-2.57,4.48,0.0,2,3,1709.5165
25.0,15.0,20.0,50.0,35.0,50.0,9,0,100.0,0.0,70.32,0.0,632.87,0.0,0.0,0.0,6.26,-2.57,4.48,0.0,2,3,1709.5165
25.0,15.0,30.0,50.0,35.0,50.0,9,0,100.0,0.0,70.32,0.0,632.87,0.0,0.0,0.0,6.26,-2.57,4.48,0.0,2,3,1709.5165
25.0,15.0,40.0,50.0,35.0,50.0,9,0,100.0,0.0,70.32,0.0,632.87,0.0,0.0,0.0,6.26,-2.57,4.48,0.0,2,3,1709.5165
25.0,20.0,20.0,50.0,35.0,50.0,9,0,100.0,0.0,70.32,0.0,632.87,0.0,0.0,0.0,6.26,-2.57,4.48,0.0,2,3,1709.5165
25.0,20.0,30.0,50.0,35.0,50.0,9,0,100.0,0.0,70.32,0.0,632.87,0.0,0.0,0.0,6.26,-2.57,4.48,0.0,2,3,1709.5165
25.0,20.0,40.0,50.0,35.0,50.0,9,0,100.0,0.0,70.32,0.0,632.87,0.0,0.0,0.0,6.26,-2.57,4.48,0.0,2,3,1709.5165
35.0,15.0,20.0,50.0,35.0,50.0,9,0,100.0,0.0,70.32,0.0,632.87,0.0,0.0,0.0,6.26,-2.57,4.48,0.0,2,3,1709.5165
35.0,15.0,30.0,50.0,35.0,50.0,9,0,100.0,0.0,70.32,0.0,632.87,0.0,0.0,0.0,6.26,-2.57,4.48,0.0,2,3,1709.5165
35.0,15.0,40.0,50.0,35.0,50.0,9,0,100.0,0.0,70.32,0.0,632.87,0.0,0.0,0.0,6.26,-2.57,4.48,0.0,2,3,1709.5165
35.0,20.0,20.0,50.0,35.0,50.0,9,0,100.0,0.0,70.32,0.0,632.87,0.0,0.0,0.0,6.26,-2.57,4.48,0.0,2,3,1709.5165
35.0,20.0,30.0,50.0,35.0,50.0,9,0,100.0,0.0,70.32,0.0,632.87,0.0,0.0,0.0,6.26,-2.57,4.48,0.0,2,3,1709.5165
35.0,20.0,40.0,50.0,35.0,50.0,9,0,100.0,0.0,70.32,0.0,632.87,0.0,0.0,0.0,6.26,-2.57,4.48,0.0,2,3,1709.5165
15.0,15.0,20.0,75.0,35.0,25.0,9,0,100.0,0.0,70.32,0.0,632.87,0.0,0.0,0.0,6.22,-2.57,4.44,0.0,2,3,1709.1985
15.0,15.0,30.0,75.0,35.0,25.0,9,0,100.0,0.0,70.32,0.0,632.87,0.0,0.0,0.0,6.22,-2.57,4.44,0.0,2,3,1709.1985
15.0,15.0,40.0,75.0,35.0,25.0,9,0,100.0,0.0,70.32,0.0,632.87,0.0,0.0,0.0,6.22,-2.57,4.44,0.0,2,3,1709.1985
15.0,20.0,20.0,75.0,35.0,25.0,9,0,100.0,0.0,70.32,0.0,632.87,0.0,0.0,0.0,6.22,-2.57,4.44,0.0,2,3,1709.1985
15.0,20.0,30.0,75.0,35.0,25.0,9,0,100.0,0.0,70.32,0.0,632.87,0.0,0.0,0.0,6.22,-2.57,4.44,0.0,2,3,1709.1985
15.0,20.0,40.0,75.0,35.0,25.0,9,0,100.0,0.0,70.32,0.0,632.87,0.0,0.0,0.0,6.22,-2.57,4.44,0.0,2,3,1709.1985
25.0,15.0,20.0,75.0,35.0,25.0,9,0,100.0,0.0,70.32,0.0,632.87,0.0,0.0,0.0,6.22,-2.57,4.44,0.0,2,3,1709.1985
25.0,15.0,30.0,75.0,35.0,25.0,9,0,100.0,0.0,70.32,0.0,632.87,0.0,0.0,0.0,6.22,-2.57,4.44,0.0,2,3,1709.1985
25.0,15.0,40.0,75.0,35.0,25.0,9,0,100.0,0.0,70.32,0.0,632.87,0.0,0.0,0.0,6.22,-2.57,4.44,0.0,2,3,1709.1985
25.0,20.0,20.0,75.0,35.0,25.0,9,0,100.0,0.0,70.32,0.0,632.87,0.0,0.0,0.0,6.22,-2.57,4.44,0.0,2,3,1709.1985
25.0,20.0,30.0,75.0,35.0,25.0,9,0,100.0,0.0,70.32,0.0,632.87,0.0,0.0,0.0,6.22,-2.57,4.44,0.0,2,3,1709.1985
25.0,20.0,40.0,75.0,35.0,25.0,9,0,100.0,0.0,70.32,0.0,632.87,0.0,0.0,0.0,6.22,-2.57,4.44,0.0,2,3,1709.1985
35.0,15.0,20.0,75.0,35.0,25.0,9,0,100.0,0.0,70.32,0.0,632.87,0.0,0.0,0.0,6.22,-2.57,4.44,0.0,2,3,1709.1985
35.0,15.0,30.0,75.0,35.0,25.0,9,0,100.0,0.0,70.32,0.0,632.87,0.0,0.0,0.0,6.22,-2.57,4.44,0.0,2,3,1709.1985
35.0,15.0,40.0,75.0,35.0,25.0,9,0,100.0,0.0,70.32,0.0,632.87,0.0,0.0,0.0,6.22,-2.57,4.44,0.0,2,3,1709.1985
35.0,20.0,20.0,75.0,35.0,25.0,9,0,100.0,0.0,70.32,0.0,632.87,0.0,0.0,0.0,6.22,-2.57,4.44,0.0,2,3,1709.1985
35.0,20.0,30.0,75.0,35.0,25.0,9,0,100.0,0.0,70.32,0.0,632.87,0.0,0.0,0.0,6.22,-2.57,4.44,0.0,2,3,1709.1985
35.0,20.0,40.0,75.0,35.0,25.0,9,0,100.0,0.0,70.32,0.0,632.87,0.0,0.0,0.0,6.22,-2.57,4.44,0.0,2,3,1709.1985
15.0,15.0,20.0,75.0,15.0,40.0,9,0,100.0,0.0,70.32,0.0,632.87,0.0,0.0,0.0,5.95,-2.57,4.16,0.0,2,3,1706.972
15.0,15.0,30.0,75.0,15.0,40.0,9,0,100.0,0.0,70.32,0.0,632.87,0.0,0.0,0.0,5.95,-2.57,4.16,0.0,2,3,1706.972
15.0,15.0,40.0,75.0,15.0,40.0,9,0,100.0,0.0,70.32,0.0,632.87,0.0,0.0,0.0,5.95,-2.57,4.16,0.0,2,3,1706.972
15.0,20.0,20.0,75.0,15.0,40.0,9,0,100.0,0.0,70.32,0.0,632.87,0.0,0.0,0.0,5.95,-2.57,4.16,0.0,2,3,1706.972
15.0,20.0,30.0,75.0,15.0,40.0,9,0,100.0,0.0,70.32,0.0,632.87,0.0,0.0,0.0,5.95,-2.57,4.16,0.0,2,3,1706.972
15.0,20.0,40.0,75.0,15.0,40.0,9,0,100.0,0.0,70.32,0.0,632.87,0.0,0.0,0.0,5.95,-2.57,4.16,0.0,2,3,1706.972
25.0,15.0,20.0,75.0,15.0,40.0,9,0,100.0,0.0,70.32,0.0,632.87,0.0,0.0,0.0,5.95,-2.57,4.16,0.0,2,3,1706.972
25.0,15.0,30.0,75.0,15.0,40.0,9,0,100.0,0.0,70.32,0.0,632.87,0.0,0.0,0.0,5.95,-2.57,4.16,0.0,2,3,1706.972
25.0,15.0,40.0,75.0,15.0,40.0,9,0,100.0,0.0,70.32,0.0,632.87,0.0,0.0,0.0,5.95,-2.57,4.16,0.0,2,3,1706.972
25.0,20.0,20.0,75.0,15.0,40.0,9,0,100.0,0.0,70.32,0.0,632.87,0.0,0.0,0.0,5.95,-2.57,4.16,0.0,2,3,1706.972
25.0,20.0,30.0,75.0,15.0,40.0,9,0,100.0,0.0,70.32,0.0,632.87,0.0,0.0,0.0,5.95,-2.57,4.16,0.0,2,3,1706.972
25.0,20.0,40.0,75.0,15.0,40.0,9,0,100.0,0.0,70.32,0.0,632.87,0.0,0.0,0.0,5.95,-2.57,4.16,0.0,2,3,1706.972
35.0,15.0,20.0,75.0,15.0,40.0,9,0,100.0,0.0,70.32,0.0,632.87,0.0,0.0,0.0,5.95,-2.57,4.16,0.0,2,3,1706.972
35.0,15.0,30.0,75.0,15.0,40.0,9,0,100.0,0.0,70.32,0.0,632.87,0.0,0.0,0.0,5.95,-2.57,4.16,0.0,2,3,1706.972
35.0,15.0,40.0,75.0,15.0,40.0,9,0,100.0,0.0,70.32,0.0,632.87,0.0,0.0,0.0,5.95,-2.57,4.16,0.0,2,3,1706.972
35.0,20.0,20.0,75.0,15.0,40.0,9,0,100.0,0.0,70.32,0.0,632.87,0.0,0.0,0.0,5.95,-2.57,4.16,0.0,2,3,1706.972
35.0,20.0,30.0,75.0,15.0,40.0,9,0,100.0,0.0,70.32,0.0,632.87,0.0,0.0,0.0,5.95,-2.57,4.16,0.0,2,3,1706.972
35.0,20.0,40.0,75.0,15.0,40.0,9,0,100.0,0.0,70.32,0.0,632.87,0.0,0.0,0.0,5.95,-2.57,4.16,0.0,2,3,1706.972
15.0,10.0,20.0,75.0,35.0,25.0,10,0,100.0,0.0,63.99,0.0,639.87,0.0,0.0,0.0,5.69,-2.35,4.22,0.0,3,3,1683.628
15.0,10.0,30.0,75.0,35.0,25.0,10,0,100.0,0.0,63.99,0.0,639.87,0.0,0.0,0.0,5.69,-2.35,4.22,0.0,3,3,1683.628
15.0,10.0,40.0,75.0,35.0,25.0,10,0,100.0,0.0,63.99,0.0,639.87,0.0,0.0,0.0,5.69,-2.35,4.22,0.0,3,3,1683.628
25.0,10.0,20.0,75.0,35.0,25.0,10,0,100.0,0.0,63.99,0.0,639.87,0.0,0.0,0.0,5.69,-2.35,4.22,0.0,3,3,1683.628
25.0,10.0,30.0,75.0,35.0,25.0,10,0,100.0,0.0,63.99,0.0,639.87,0.0,0.0,0.0,5.69,-2.35,4.22,0.0,3,3,1683.628
25.0,10.0,40.0,75.0,35.0,25.0,10,0,100.0,0.0,63.99,0.0,639.87,0.0,0.0,0.0,5.69,-2.35,4.22,0.0,3,3,1683.628
35.0,10.0,20.0,75.0,35.0,25.0,10,0,100.0,0.0,63.99,0.0,639.87,0.0,0.0,0.0,5.69,-2.35,4.22,0.0,3,3,1683.628
35.0,10.0,30.0,75.0,35.0,25.0,10,0,100.0,0.0,63.99,0.0,639.87,0.0,0.0,0.0,5.69,-2.35,4.22,0.0,3,3,1683.628
35.0,10.0,40.0,75.0,35.0,25.0,10,0,100.0,0.0,63.99,0.0,639.87,0.0,0.0,0.0,5.69,-2.35,4.22,0.0,3,3,1683.628
15.0,10.0,20.0,75.0,15.0,40.0,10,0,100.0,0.0,63.99,0.0,639.87,0.0,0.0,0.0,5.43,-2.35,3.94,0.0,3,3,1681.401
15.0,10.0,30.0,75.0,15.0,40.0,10,0,100.0,0.0,63.99,0.0,639.87,0.0,0.0,0.0,5.43,-2.35,3.94,0.0,3,3,1681.401
15.0,10.0,40.0,75.0,15.0,40.0,10,0,100.0,0.0,63.99,0.0,639.87,0.0,0.0,0.0,5.43,-2.35,3.94,0.0,3,3,1681.401
25.0,10.0,20.0,75.0,15.0,40.0,10,0,100.0,0.0,63.99,0.0,639.87,0.0,0.0,0.0,5.43,-2.35,3.94,0.0,3,3,1681.401
25.0,10.0,30.0,75.0,15.0,40.0,10,0,100.0,0.0,63.99,0.0,639.87,0.0,0.0,0.0,5.43,-2.35,3.94,0.0,3,3,1681.401
25.0,10.0,40.0,75.0,15.0,40.0,10,0,100.0,0.0,63.99,0.0,639.87,0.0,0.0,0.0,5.43,-2.35,3.94,0.0,3,3,1681.401
35.0,10.0,20.0,75.0,15.0,40.0,10,0,100.0,0.0,63.99,0.0,639.87,0.0,0.0,0.0,5.43,-2.35,3.94,0.0,3,3,1681.401
35.0,10.0,30.0,75.0,15.0,40.0,10,0,100.0,0.0,63.99,0.0,639.87,0.0,0.0,0.0,5.43,-2.35,3.94,0.0,3,3,1681.401
35.0,10.0,40.0,75.0,15.0,40.0,10,0,100.0,0.0,63.99,0.0,639.87,0.0,0.0,0.0,5.43,-2.35,3.94,0.0,3,3,1681.401
15.0,15.0,20.0,75.0,25.0,40.0,8,0,100.0,0.0,64.9,0.0,519.19,0.0,0.0,0.0,5.92,-2.57,4.13,0.0,2,3,1446.8535
15.0,15.0,30.0,75.0,25.0,40.0,8,0,100.0,0.0,64.9,0.0,519.19,0.0,0.0,0.0,5.92,-2.57,4.13,0.0,2,3,1446.8535
15.0,15.0,40.0,75.0,25.0,40.0,8,0,100.0,0.0,64.9,0.0,519.19,0.0,0.0,0.0,5.92,-2.57,4.13,0.0,2,3,1446.8535
15.0,20.0,20.0,75.0,25.0,40.0,8,0,100.0,0.0,64.9,0.0,519.19,0.0,0.0,0.0,5.92,-2.57,4.13,0.0,2,3,1446.8535
15.0,20.0,30.0,75.0,25.0,40.0,8,0,100.0,0.0,64.9,0.0,519.19,0.0,0.0,0.0,5.92,-2.57,4.13,0.0,2,3,1446.8535
15.0,20.0,40.0,75.0,25.0,40.0,8,0,100.0,0.0,64.9,0.0,519.19,0.0,0.0,0.0,5.92,-2.57,4.13,0.0,2,3,1446.8535
25.0,15.0,20.0,75.0,25.0,40.0,8,0,100.0,0.0,64.9,0.0,519.19,0.0,0.0,0.0,5.92,-2.57,4.13,0.0,2,3,1446.8535
25.0,15.0,30.0,75.0,25.0,40.0,8,0,100.0,0.0,64.9,0.0,519.19,0.0,0.0,0.0,5.92,-2.57,4.13,0.0,2,3,1446.8535
25.0,15.0,40.0,75.0,25.0,40.0,8,0,100.0,0.0,64.9,0.0,519.19,0.0,0.0,0.0,5.92,-2.57,4.13,0.0,2,3,1446.8535
25.0,20.0,20.0,75.0,25.0,40.0,8,0,100.0,0.0,64.9,0.0,519.19,0.0,0.0,0.0,5.92,-2.57,4.13,0.0,2,3,1446.8535
25.0,20.0,30.0,75.0,25.0,40.0,8,0,100.0,0.0,64.9,0.0,519.19,0.0,0.0,0.0,5.92,-2.57,4.13,0.0,2,3,1446.8535
25.0,20.0,40.0,75.0,25.0,40.0,8,0,100.0,0.0,64.9,0.0,519.19,0.0,0.0,0.0,5.92,-2.57,4.13,0.0,2,3,1446.8535
35.0,15.0,20.0,75.0,25.0,40.0,8,0,100.0,0.0,64.9,0.0,519.19,0.0,0.0,0.0,5.92,-2.57,4.13,0.0,2,3,1446.8535
35.0,15.0,30.0,75.0,25.0,40.0,8,0,100.0,0.0,64.9,0.0,519.19,0.0,0.0,0.0,5.92,-2.57,4.13,0.0,2,3,1446.8535
35.0,15.0,40.0,75.0,25.0,40.0,8,0,100.0,0.0,64.9,0.0,519.19,0.0,0.0,0.0,5.92,-2.57,4.13,0.0,2,3,1446.8535
35.0,20.0,20.0,75.0,25.0,40.0,8,0,100.0,0.0,64.9,0.0,519.19,0.0,0.0,0.0,5.92,-2.57,4.13,0.0,2,3,1446.8535
35.0,20.0,30.0,75.0,25.0,40.0,8,0,100.0,0.0,64.9,0.0,519.19,0.0,0.0,0.0,5.92,-2.57,4.13,0.0,2,3,1446.8535
35.0,20.0,40.0,75.0,25.0,40.0,8,0,100.0,0.0,64.9,0.0,519.19,0.0,0.0,0.0,5.92,-2.57,4.13,0.0,2,3,1446.8535
15.0,10.0,20.0,75.0,25.0,40.0,9,0,100.0,0.0,59.4,0.0,534.61,0.0,0.0,0.0,5.41,-2.35,3.91,0.0,3,3,1443.102
15.0,10.0,30.0,75.0,25.0,40.0,9,0,100.0,0.0,59.4,0.0,534.61,0.0,0.0,0.0,5.41,-2.35,3.91,0.0,3,3,1443.102
15.0,10.0,40.0,75.0,25.0,40.0,9,0,100.0,0.0,59.4,0.0,534.61,0.0,0.0,0.0,5.41,-2.35,3.91,0.0,3,3,1443.102
25.0,10.0,20.0,75.0,25.0,40.0,9,0,100.0,0.0,59.4,0.0,534.61,0.0,0.0,0.0,5.41,-2.35,3.91,0.0,3,3,1443.102
25.0,10.0,30.0,75.0,25.0,40.0,9,0,100.0,0.0,59.4,0.0,534.61,0.0,0.0,0.0,5.41,-2.35,3.91,0.0,3,3,1443.102
25.0,10.0,40.0,75.0,25.0,40.0,9,0,100.0,0.0,59.4,0.0,534.61,0.0,0.0,0.0,5.41,-2.35,3.91,0.0,3,3,1443.102
35.0,10.0,20.0,75.0,25.0,40.0,9,0,100.0,0.0,59.4,0.0,534.61,0.0,0.0,0.0,5.41,-2.35,3.91,0.0,3,3,1443.102
35.0,10.0,30.0,75.0,25.0,40.0,9,0,100.0,0.0,59.4,0.0,534.61,0.0,0.0,0.0,5.41,-2.35,3.91,0.0,3,3,1443.102
35.0,10.0,40.0,75.0,25.0,40.0,9,0,100.0,0.0,59.4,0.0,534.61,0.0,0.0,0.0,5.41,-2.35,3.91,0.0,3,3,1443.102
15.0,10.0,20.0,75.0,35.0,40.0,8,0,100.0,0.0,54.82,0.0,438.57,0.0,0.0,0.0,5.38,-2.35,3.89,0.0,3,3,1223.3835
15.0,10.0,30.0,75.0,35.0,40.0,8,0,100.0,0.0,54.82,0.0,438.57,0.0,0.0,0.0,5.38,-2.35,3.89,0.0,3,3,1223.3835
15.0,10.0,40.0,75.0,35.0,40.0,8,0,100.0,0.0,54.82,0.0,438.57,0.0,0.0,0.0,5.38,-2.35,3.89,0.0,3,3,1223.3835
25.0,10.0,20.0,75.0,35.0,40.0,8,0,100.0,0.0,54.82,0.0,438.57,0.0,0.0,0.0,5.38,-2.35,3.89,0.0,3,3,1223.3835
25.0,10.0,30.0,75.0,35.0,40.0,8,0,100.0,0.0,54.82,0.0,438.57,0.0,0.0,0.0,5.38,-2.35,3.89,0.0,3,3,1223.3835
25.0,10.0,40.0,75.0,35.0,40.0,8,0,100.0,0.0,54.82,0.0,438.57,0.0,0.0,0.0,5.38,-2.35,3.89,0.0,3,3,1223.3835
35.0,10.0,20.0,75.0,35.0,40.0,8,0,100.0,0.0,54.82,0.0,438.57,0.0,0.0,0.0,5.38,-2.35,3.89,0.0,3,3,1223.3835
35.0,10.0,30.0,75.0,35.0,40.0,8,0,100.0,0.0,54.82,0.0,438.57,0.0,0.0,0.0,5.38,-2.35,3.89,0.0,3,3,1223.3835
35.0,10.0,40.0,75.0,35.0,40.0,8,0,100.0,0.0,54.82,0.0,438.57,0.0,0.0,0.0,5.38,-2.35,3.89,0.0,3,3,1223.3835
15.0,15.0,20.0,75.0,35.0,40.0,7,0,100.0,0.0,59.3,0.0,415.1,0.0,0.0,0.0,5.9,-2.57,4.11,0.0,2,3,1204.9145
15.0,15.0,30.0,75.0,35.0,40.0,7,0,100.0,0.0,59.3,0.0,415.1,0.0,0.0,0.0,5.9,-2.57,4.11,0.0,2,3,1204.9145
15.0,15.0,40.0,75.0,35.0,40.0,7,0,100.0,0.0,59.3,0.0,415.1,0.0,0.0,0.0,5.9,-2.57,4.11,0.0,2,3,1204.9145
15.0,20.0,20.0,75.0,35.0,40.0,7,0,100.0,0.0,59.3,0.0,415.1,0.0,0.0,0.0,5.9,-2.57,4.11,0.0,2,3,1204.9145
15.0,20.0,30.0,75.0,35.0,40.0,7,0,100.0,0.0,59.3,0.0,415.1,0.0,0.0,0.0,5.9,-2.57,4.11,0.0,2,3,1204.9145
15.0,20.0,40.0,75.0,35.0,40.0,7,0,100.0,0.0,59.3,0.0,415.1,0.0,0.0,0.0,5.9,-2.57,4.11,0.0,2,3,1204.9145
25.0,15.0,20.0,75.0,35.0,40.0,7,0,100.0,0.0,59.3,0.0,415.1,0.0,0.0,0.0,5.9,-2.57,4.11,0.0,2,3,1204.9145
25.0,15.0,30.0,75.0,35.0,40.0,7,0,100.0,0.0,59.3,0.0,415.1,0.0,0.0,0.0,5.9,-2.57,4.11,0.0,2,3,1204.9145
25.0,15.0,40.0,75.0,35.0,40.0,7,0,100.0,0.0,59.3,0.0,415.1,0.0,0.0,0.0,5.9,-2.57,4.11,0.0,2,3,1204.9145
25.0,20.0,20.0,75.0,35.0,40.0,7,0,100.0,0.0,59.3,0.0,415.1,0.0,0.0,0.0,5.9,-2.57,4.11,0.0,2,3,1204.9145
25.0,20.0,30.0,75.0,35.0,40.0,7,0,100.0,0.0,59.3,0.0,415.1,0.0,0.0,0.0,5.9,-2.57,4.11,0.0,2,3,1204.9145
25.0,20.0,40.0,75.0,35.0,40.0,7,0,100.0,0.0,59.3,0.0,415.1,0.0,0.0,0.0,5.9,-2.57,4.11,0.0,2,3,1204.9145
35.0,15.0,20.0,75.0,35.0,40.0,7,0,100.0,0.0,59.3,0.0,415.1,0.0,0.0,0.0,5.9,-2.57,4.11,0.0,2,3,1204.9145
35.0,15.0,30.0,75.0,35.0,40.0,7,0,100.0,0.0,59.3,0.0,415.1,0.0,0.0,0.0,5.9,-2.57,4.11,0.0,2,3,1204.9145
35.0,15.0,40.0,75.0,35.0,40.0,7,0,100.0,0.0,59.3,0.0,415.1,0.0,0.0,0.0,5.9,-2.57,4.11,0.0,2,3,1204.9145
35.0,20.0,20.0,75.0,35.0,40.0,7,0,100.0,0.0,59.3,0.0,415.1,0.0,0.0,0.0,5.9,-2.57,4.11,0.0,2,3,1204.9145
35.0,20.0,30.0,75.0,35.0,40.0,7,0,100.0,0.0,59.3,0.0,415.1,0.0,0.0,0.0,5.9,-2.57,4.11,0.0,2,3,1204.9145
35.0,20.0,40.0,75.0,35.0,40.0,7,0,100.0,0.0,59.3,0.0,415.1,0.0,0.0,0.0,5.9,-2.57,4.11,0.0,2,3,1204.9145
15.0,15.0,20.0,75.0,15.0,50.0,7,0,100.0,0.0,59.3,0.0,415.1,0.0,0.0,0.0,5.72,-2.57,3.93,0.0,2,3,1203.4835
15.0,15.0,30.0,75.0,15.0,50.0,7,0,100.0,0.0,59.3,0.0,415.1,0.0,0.0,0.0,5.72,-2.57,3.93,0.0,2,3,1203.4835
15.0,15.0,40.0,75.0,15.0,50.0,7,0,100.0,0.0,59.3,0.0,415.1,0.0,0.0,0.0,5.72,-2.57,3.93,0.0,2,3,1203.4835
15.0,20.0,20.0,75.0,15.0,50.0,7,0,100.0,0.0,59.3,0.0,415.1,0.0,0.0,0.0,5.72,-2.57,3.93,0.0,2,3,1203.4835
15.0,20.0,30.0,75.0,15.0,50.0,7,0,100.0,0.0,59.3,0.0,415.1,0.0,0.0,0.0,5.72,-2.57,3.93,0.0,2,3,1203.4835
15.0,20.0,40.0,75.0,15.0,50.0,7,0,100.0,0.0,59.3,0.0,415.1,0.0,0.0,0.0,5.72,-2.57,3.93,0.0,2,3,1203.4835
25.0,15.0,20.0,75.0,15.0,50.0,7,0,100.0,0.0,59.3,0.0,415.1,0.0,0.0,0.0,5.72,-2.57,3.93,0.0,2,3,1203.4835
25.0,15.0,30.0,75.0,15.0,50.0,7,0,100.0,0.0,59.3,0.0,415.1,0.0,0.0,0.0,5.72,-2.57,3.93,0.0,2,3,1203.4835
25.0,15.0,40.0,75.0,15.0,50.0,7,0,100.0,0.0,59.3,0.0,415.1,0.0,0.0,0.0,5.72,-2.57,3.93,0.0,2,3,1203.4835
25.0,20.0,20.0,75.0,15.0,50.0,7,0,100.0,0.0,59.3,0.0,415.1,0.0,0.0,0.0,5.72,-2.57,3.93,0.0,2,3,1203.4835
25.0,20.0,30.0,75.0,15.0,50.0,7,0,100.0,0.0,59.3,0.0,415.1,0.0,0.0,0.0,5.72,-2.57,3.93,0.0,2,3,1203.4835
25.0,20.0,40.0,75.0,15.0,50.0,7,0,100.0,0.0,59.3,0.0,415.1,0.0,0.0,0.0,5.72,-2.57,3.93,0.0,2,3,1203.4835
35.0,15.0,20.0,75.0,15.0,50.0,7,0,100.0,0.0,59.3,0.0,415.1,0.0,0.0,0.0,5.72,-2.57,3.93,0.0,2,3,1203.4835
35.0,15.0,30.0,75.0,15.0,50.0,7,0,100.0,0.0,59.3,0.0,415.1,0.0,0.0,0.0,5.72,-2.57,3.93,0.0,2,3,1203.4835
35.0,15.0,40.0,75.0,15.0,50.0,7,0,100.0,0.0,59.3,0.0,415.1,0.0,0.0,0.0,5.72,-2.57,3.93,0.0,2,3,1203.4835
35.0,20.0,20.0,75.0,15.0,50.0,7,0,100.0,0.0,59.3,0.0,415.1,0.0,0.0,0.0,5.72,-2.57,3.93,0.0,2,3,1203.4835
35.0,20.0,30.0,75.0,15.0,50.0,7,0,100.0,0.0,59.3,0.0,415.1,0.0,0.0,0.0,5.72,-2.57,3.93,0.0,2,3,1203.4835
35.0,20.0,40.0,75.0,15.0,50.0,7,0,100.0,0.0,59.3,0.0,415.1,0.0,0.0,0.0,5.72,-2.57,3.93,0.0,2,3,1203.4835
15.0,15.0,20.0,75.0,25.0,50.0,7,0,100.0,0.0,59.3,0.0,415.1,0.0,0.0,0.0,5.71,-2.57,3.92,0.0,2,3,1203.404
15.0,15.0,30.0,75.0,25.0,50.0,7,0,100.0,0.0,59.3,0.0,415.1,0.0,0.0,0.0,5.71,-2.57,3.92,0.0,2,3,1203.404
15.0,15.0,40.0,75.0,25.0,50.0,7,0,100.0,0.0,59.3,0.0,415.1,0.0,0.0,0.0,5.71,-2.57,3.92,0.0,2,3,1203.404
15.0,20.0,20.0,75.0,25.0,50.0,7,0,100.0,0.0,59.3,0.0,415.1,0.0,0.0,0.0,5.71,-2.57,3.92,0.0,2,3,1203.404
15.0,20.0,30.0,75.0,25.0,50.0,7,0,100.0,0.0,59.3,0.0,415.1,0.0,0.0,0.0,5.71,-2.57,3.92,0.0,2,3,1203.404
15.0,20.0,40.0,75.0,25.0,50.0,7,0,100.0,0.0,59.3,0.0,415.1,0.0,0.0,0.0,5.71,-2.57,3.92,0.0,2,3,1203.404
25.0,15.0,20.0,75.0,25.0,50.0,7,0,100.0,0.0,59.3,0.0,415.1,0.0,0.0,0.0,5.71,-2.57,3.92,0.0,2,3,1203.404
25.0,15.0,30.0,75.0,25.0,50.0,7,0,100.0,0.0,59.3,0.0,415.1,0.0,0.0,0.0,5.71,-2.57,3.92,0.0,2,3,1203.404
25.0,15.0,40.0,75.0,25.0,50.0,7,0,100.0,0.0,59.3,0.0,415.1,0.0,0.0,0.0,5.71,-2.57,3.92,0.0,2,3,1203.404
25.0,20.0,20.0,75.0,25.0,50.0,7,0,100.0,0.0,59.3,0.0,415.1,0.0,0.0,0.0,5.71,-2.57,3.92,0.0,2,3,1203.404
25.0,20.0,30.0,75.0,25.0,50.0,7,0,100.0,0.0,59.3,0.0,415.1,0.0,0.0,0.0,5.71,-2.57,3.92,0.0,2,3,1203.404
25.0,20.0,40.0,75.0,25.0,50.0,7,0,100.0,0.0,59.3,0.0,415.1,0.0,0.0,0.0,5.71,-2.57,3.92,0.0,2,3,1203.404
35.0,15.0,20.0,75.0,25.0,50.0,7,0,100.0,0.0,59.3,0.0,415.1,0.0,0.0,0.0,5.71,-2.57,3.92,0.0,2,3,1203.404
35.0,15.0,30.0,75.0,25.0,50.0,7,0,100.0,0.0,59.3,0.0,415.1,0.0,0.0,0.0,5.71,-2.57,3.92,0.0,2,3,1203.404
35.0,15.0,40.0,75.0,25.0,50.0,7,0,100.0,0.0,59.3,0.0,415.1,0.0,0.0,0.0,5.71,-2.57,3.92,0.0,2,3,1203.404
35.0,20.0,20.0,75.0,25.0,50.0,7,0,100.0,0.0,59.3,0.0,415.1,0.0,0.0,0.0,5.71,-2.57,3.92,0.0,2,3,1203.404
35.0,20.0,30.0,75.0,25.0,50.0,7,0,100.0,0.0,59.3,0.0,415.1,0.0,0.0,0.0,5.71,-2.57,3.92,0.0,2,3,1203.404
35.0,20.0,40.0,75.0,25.0,50.0,7,0,100.0,0.0,59.3,0.0,415.1,0.0,0.0,0.0,5.71,-2.57,3.92,0.0,2,3,1203.404
15.0,10.0,20.0,75.0,15.0,50.0,8,0,100.0,0.0,51.15,0.0,409.19,0.0,0.0,0.0,5.21,-2.35,3.73,0.0,3,3,1141.332
15.0,10.0,30.0,75.0,15.0,50.0,8,0,100.0,0.0,51.15,0.0,409.19,0.0,0.0,0.0,5.21,-2.35,3.73,0.0,3,3,1141.332
15.0,10.0,40.0,75.0,15.0,50.0,8,0,100.0,0.0,51.15,0.0,409.19,0.0,0.0,0.0,5.21,-2.35,3.73,0.0,3,3,1141.332
25.0,10.0,20.0,75.0,15.0,50.0,8,0,100.0,0.0,51.15,0.0,409.19,0.0,0.0,0.0,5.21,-2.35,3.73,0.0,3,3,1141.332
25.0,10.0,30.0,75.0,15.0,50.0,8,0,100.0,0.0,51.15,0.0,409.19,0.0,0.0,0.0,5.21,-2.35,3.73,0.0,3,3,1141.332
25.0,10.0,40.0,75.0,15.0,50.0,8,0,100.0,0.0,51.15,0.0,409.19,0.0,0.0,0.0,5.21,-2.35,3.73,0.0,3,3,1141.332
35.0,10.0,20.0,75.0,15.0,50.0,8,0,100.0,0.0,51.15,0.0,409.19,0.0,0.0,0.0,5.21,-2.35,3.73,0.0,3,3,1141.332
35.0,10.0,30.0,75.0,15.0,50.0,8,0,100.0,0.0,51.15,0.0,409.19,0.0,0.0,0.0,5.21,-2.35,3.73,0.0,3,3,1141.332
35.0,10.0,40.0,75.0,15.0,50.0,8,0,100.0,0.0,51.15,0.0,409.19,0.0,0.0,0.0,5.21,-2.35,3.73,0.0,3,3,1141.332
15.0,10.0,20.0,75.0,25.0,50.0,8,0,100.0,0.0,51.15,0.0,409.19,0.0,0.0,0.0,5.2,-2.35,3.72,0.0,3,3,1141.2525
15.0,10.0,30.0,75.0,25.0,50.0,8,0,100.0,0.0,51.15,0.0,409.19,0.0,0.0,0.0,5.2,-2.35,3.72,0.0,3,3,1141.2525
15.0,10.0,40.0,75.0,25.0,50.0,8,0,100.0,0.0,51.15,0.0,409.19,0.0,0.0,0.0,5.2,-2.35,3.72,0.0,3,3,1141.2525
25.0,10.0,20.0,75.0,25.0,50.0,8,0,100.0,0.0,51.15,0.0,409.19,0.0,0.0,0.0,5.2,-2.35,3.72,0.0,3,3,1141.2525
25.0,10.0,30.0,75.0,25.0,50.0,8,0,100.0,0.0,51.15,0.0,409.19,0.0,0.0,0.0,5.2,-2.35,3.72,0.0,3,3,1141.2525
25.0,10.0,40.0,75.0,25.0,50.0,8,0,100.0,0.0,51.15,0.0,409.19,0.0,0.0,0.0,5.2,-2.35,3.72,0.0,3,3,1141.2525
35.0,10.0,20.0,75.0,25.0,50.0,8,0,100.0,0.0,51.15,0.0,409.19,0.0,0.0,0.0,5.2,-2.35,3.72,0.0,3,3,1141.2525
35.0,10.0,30.0,75.0,25.0,50.0,8,0,100.0,0.0,51.15,0.0,409.19,0.0,0.0,0.0,5.2,-2.35,3.72,0.0,3,3,1141.2525
35.0,10.0,40.0,75.0,25.0,50.0,8,0,100.0,0.0,51.15,0.0,409.19,0.0,0.0,0.0,5.2,-2.35,3.72,0.0,3,3,1141.2525
15.0,15.0,20.0,75.0,35.0,50.0,6,0,100.0,0.0,53.51,0.0,321.06,0.0,0.0,0.0,5.69,-2.57,3.9,0.0,2,3,980.425
15.0,15.0,30.0,75.0,35.0,50.0,6,0,100.0,0.0,53.51,0.0,321.06,0.0,0.0,0.0,5.69,-2.57,3.9,0.0,2,3,980.425
15.0,15.0,40.0,75.0,35.0,50.0,6,0,100.0,0.0,53.51,0.0,321.06,0.0,0.0,0.0,5.69,-2.57,3.9,0.0,2,3,980.425
15.0,20.0,20.0,75.0,35.0,50.0,6,0,100.0,0.0,53.51,0.0,321.06,0.0,0.0,0.0,5.69,-2.57,3.9,0.0,2,3,980.425
15.0,20.0,30.0,75.0,35.0,50.0,6,0,100.0,0.0,53.51,0.0,321.06,0.0,0.0,0.0,5.69,-2.57,3.9,0.0,2,3,980.425
15.0,20.0,40.0,75.0,35.0,50.0,6,0,100.0,0.0,53.51,0.0,321.06,0.0,0.0,0.0,5.69,-2.57,3.9,0.0,2,3,980.425
25.0,15.0,20.0,75.0,35.0,50.0,6,0,100.0,0.0,53.51,0.0,321.06,0.0,0.0,0.0,5.69,-2.57,3.9,0.0,2,3,980.425
25.0,15.0,30.0,75.0,35.0,50.0,6,0,100.0,0.0,53.51,0.0,321.06,0.0,0.0,0.0,5.69,-2.57,3.9,0.0,2,3,980.425
25.0,15.0,40.0,75.0,35.0,50.0,6,0,100.0,0.0,53.51,0.0,321.06,0.0,0.0,0.0,5.69,-2.57,3.9,0.0,2,3,980.425
25.0,20.0,20.0,75.0,35.0,50.0,6,0,100.0,0.0,53.51,0.0,321.06,0.0,0.0,0.0,5.69,-2.57,3.9,0.0,2,3,980.425
25.0,20.0,30.0,75.0,35.0,50.0,6,0,100.0,0.0,53.51,0.0,321.06,0.0,0.0,0.0,5.69,-2.57,3.9,0.0,2,3,980.425
25.0,20.0,40.0,75.0,35.0,50.0,6,0,100.0,0.0,53.51,0.0,321.06,0.0,0.0,0.0,5.69,-2.57,3.9,0.0,2,3,980.425
35.0,15.0,20.0,75.0,35.0,50.0,6,0,100.0,0.0,53.51,0.0,321.06,0.0,0.0,0.0,5.69,-2.57,3.9,0.0,2,3,980.425
35.0,15.0,30.0,75.0,35.0,50.0,6,0,100.0,0.0,53.51,0.0,321.06,0.0,0.0,0.0,5.69,-2.57,3.9,0.0,2,3,980.425
35.0,15.0,40.0,75.0,35.0,50.0,6,0,100.0,0.0,53.51,0.0,321.06,0.0,0.0,0.0,5.69,-2.57,3.9,0.0,2,3,980.425
35.0,20.0,20.0,75.0,35.0,50.0,6,0,100.0,0.0,53.51,0.0,321.06,0.0,0.0,0.0,5.69,-2.57,3.9,0.0,2,3,980.425
35.0,20.0,30.0,75.0,35.0,50.0,6,0,100.0,0.0,53.51,0.0,321.06,0.0,0.0,0.0,5.69,-2.57,3.9,0.0,2,3,980.425
35.0,20.0,40.0,75.0,35.0,50.0,6,0,100.0,0.0,53.51,0.0,321.06,0.0,0.0,0.0,5.69,-2.57,3.9,0.0,2,3,980.425
15.0,10.0,20.0,75.0,35.0,50.0,7,0,100.0,0.0,46.11,0.0,322.8,0.0,0.0,0.0,5.19,-2.35,3.7,0.0,3,3,938.073
15.0,10.0,30.0,75.0,35.0,50.0,7,0,100.0,0.0,46.11,0.0,322.8,0.0,0.0,0.0,5.19,-2.35,3.7,0.0,3,3,938.073
15.0,10.0,40.0,75.0,35.0,50.0,7,0,100.0,0.0,46.11,0.0,322.8,0.0,0.0,0.0,5.19,-2.35,3.7,0.0,3,3,938.073
25.0,10.0,20.0,75.0,35.0,50.0,7,0,100.0,0.0,46.11,0.0,322.8,0.0,0.0,0.0,5.19,-2.35,3.7,0.0,3,3,938.073
25.0,10.0,30.0,75.0,35.0,50.0,7,0,100.0,0.0,46.11,0.0,322.8,0.0,0.0,0.0,5.19,-2.35,3.7,0.0,3,3,938.073
25.0,10.0,40.0,75.0,35.0,50.0,7,0,100.0,0.0,46.11,0.0,322.8,0.0,0.0,0.0,5.19,-2.35,3.7,0.0,3,3,938.073
35.0,10.0,20.0,75.0,35.0,50.0,7,0,100.0,0.0,46.11,0.0,322.8,0.0,0.0,0.0,5.19,-2.35,3.7,0.0,3,3,938.073
35.0,10.0,30.0,75.0,35.0,50.0,7,0,100.0,0.0,46.11,0.0,322.8,0.0,0.0,0.0,5.19,-2.35,3.7,0.0,3,3,938.073
35.0,10.0,40.0,75.0,35.0,50.0,7,0,100.0,0.0,46.11,0.0,322.8,0.0,0.0,0.0,5.19,-2.35,3.7,0.0,3,3,938.073
15.0,10.0,20.0,100.0,15.0,25.0,3,0,100.0,0.0,28.34,0.0,85.01,0.0,0.0,0.0,5.04,-2.35,3.54,0.0,3,3,354.6005
15.0,10.0,20.0,100.0,25.0,25.0,3,0,100.0,0.0,28.34,0.0,85.01,0.0,0.0,0.0,5.04,-2.35,3.54,0.0,3,3,354.6005
15.0,10.0,20.0,100.0,35.0,25.0,3,0,100.0,0.0,28.34,0.0,85.01,0.0,0.0,0.0,5.04,-2.35,3.54,0.0,3,3,354.6005
15.0,10.0,30.0,100.0,15.0,25.0,3,0,100.0,0.0,28.34,0.0,85.01,0.0,0.0,0.0,5.04,-2.35,3.54,0.0,3,3,354.6005
15.0,10.0,30.0,100.0,25.0,25.0,3,0,100.0,0.0,28.34,0.0,85.01,0.0,0.0,0.0,5.04,-2.35,3.54,0.0,3,3,354.6005
15.0,10.0,30.0,100.0,35.0,25.0,3,0,100.0,0.0,28.34,0.0,85.01,0.0,0.0,0.0,5.04,-2.35,3.54,0.0,3,3,354.6005
15.0,10.0,40.0,100.0,15.0,25.0,3,0,100.0,0.0,28.34,0.0,85.01,0.0,0.0,0.0,5.04,-2.35,3.54,0.0,3,3,354.6005
15.0,10.0,40.0,100.0,25.0,25.0,3,0,100.0,0.0,28.34,0.0,85.01,0.0,0.0,0.0,5.04,-2.35,3.54,0.0,3,3,354.6005
15.0,10.0,40.0,100.0,35.0,25.0,3,0,100.0,0.0,28.34,0.0,85.01,0.0,0.0,0.0,5.04,-2.35,3.54,0.0,3,3,354.6005
25.0,10.0,20.0,100.0,15.0,25.0,3,0,100.0,0.0,28.34,0.0,85.01,0.0,0.0,0.0,5.04,-2.35,3.54,0.0,3,3,354.6005
25.0,10.0,20.0,100.0,25.0,25.0,3,0,100.0,0.0,28.34,0.0,85.01,0.0,0.0,0.0,5.04,-2.35,3.54,0.0,3,3,354.6005
25.0,10.0,20.0,100.0,35.0,25.0,3,0,100.0,0.0,28.34,0.0,85.01,0.0,0.0,0.0,5.04,-2.35,3.54,0.0,3,3,354.6005
25.0,10.0,30.0,100.0,15.0,25.0,3,0,100.0,0.0,28.34,0.0,85.01,0.0,0.0,0.0,5.04,-2.35,3.54,0.0,3,3,354.6005
25.0,10.0,30.0,100.0,25.0,25.0,3,0,100.0,0.0,28.34,0.0,85.01,0.0,0.0,0.0,5.04,-2.35,3.54,0.0,3,3,354.6005
25.0,10.0,30.0,100.0,35.0,25.0,3,0,100.0,0.0,28.34,0.0,85.01,0.0,0.0,0.0,5.04,-2.35,3.54,0.0,3,3,354.6005
25.0,10.0,40.0,100.0,15.0,25.0,3,0,100.0,0.0,28.34,0.0,85.01,0.0,0.0,0.0,5.04,-2.35,3.54,0.0,3,3,354.6005
25.0,10.0,40.0,100.0,25.0,25.0,3,0,100.0,0.0,28.34,0.0,85.01,0.0,0.0,0.0,5.04,-2.35,3.54,0.0,3,3,354.6005
25.0,10.0,40.0,100.0,35.0,25.0,3,0,100.0,0.0,28.34,0.0,85.01,0.0,0.0,0.0,5.04,-2.35,3.54,0.0,3,3,354.6005
35.0,10.0,20.0,100.0,15.0,25.0,3,0,100.0,0.0,28.34,0.0,85.01,0.0,0.0,0.0,5.04,-2.35,3.54,0.0,3,3,354.6005
35.0,10.0,20.0,100.0,25.0,25.0,3,0,100.0,0.0,28.34,0.0,85.01,0.0,0.0,0.0,5.04,-2.35,3.54,0.0,3,3,354.6005
35.0,10.0,20.0,100.0,35.0,25.0,3,0,100.0,0.0,28.34,0.0,85.01,0.0,0.0,0.0,5.04,-2.35,3.54,0.0,3,3,354.6005
35.0,10.0,30.0,100.0,15.0,25.0,3,0,100.0,0.0,28.34,0.0,85.01,0.0,0.0,0.0,5.04,-2.35,3.54,0.0,3,3,354.6005
35.0,10.0,30.0,100.0,25.0,25.0,3,0,100.0,0.0,28.34,0.0,85.01,0.0,0.0,0.0,5.04,-2.35,3.54,0.0,3,3,354.6005
35.0,10.0,30.0,100.0,35.0,25.0,3,0,100.0,0.0,28.34,0.0,85.01,0.0,0.0,0.0,5.04,-2.35,3.54,0.0,3,3,354.6005
35.0,10.0,40.0,100.0,15.0,25.0,3,0,100.0,0.0,28.34,0.0,85.01,0.0,0.0,0.0,5.04,-2.35,3.54,0.0,3,3,354.6005
35.0,10.0,40.0,100.0,25.0,25.0,3,0,100.0,0.0,28.34,0.0,85.01,0.0,0.0,0.0,5.04,-2.35,3.54,0.0,3,3,354.6005
35.0,10.0,40.0,100.0,35.0,25.0,3,0,100.0,0.0,28.34,0.0,85.01,0.0,0.0,0.0,5.04,-2.35,3.54,0.0,3,3,354.6005
15.0,10.0,20.0,100.0,15.0,40.0,3,0,100.0,0.0,28.34,0.0,85.01,0.0,0.0,0.0,4.88,-2.35,3.38,0.0,3,3,353.3285
15.0,10.0,20.0,100.0,25.0,40.0,3,0,100.0,0.0,28.34,0.0,85.01,0.0,0.0,0.0,4.88,-2.35,3.38,0.0,3,3,353.3285
15.0,10.0,20.0,100.0,35.0,40.0,3,0,100.0,0.0,28.34,0.0,85.01,0.0,0.0,0.0,4.88,-2.35,3.38,0.0,3,3,353.3285
15.0,10.0,30.0,100.0,15.0,40.0,3,0,100.0,0.0,28.34,0.0,85.01,0.0,0.0,0.0,4.88,-2.35,3.38,0.0,3,3,353.3285
15.0,10.0,30.0,100.0,25.0,40.0,3,0,100.0,0.0,28.34,0.0,85.01,0.0,0.0,0.0,4.88,-2.35,3.38,0.0,3,3,353.3285
15.0,10.0,30.0,100.0,35.0,40.0,3,0,100.0,0.0,28.34,0.0,85.01,0.0,0.0,0.0,4.88,-2.35,3.38,0.0,3,3,353.3285
15.0,10.0,40.0,100.0,15.0,40.0,3,0,100.0,0.0,28.34,0.0,85.01,0.0,0.0,0.0,4.88,-2.35,3.38,0.0,3,3,353.3285
15.0,10.0,40.0,100.0,25.0,40.0,3,0,100.0,0.0,28.34,0.0,85.01,0.0,0.0,0.0,4.88,-2.35,3.38,0.0,3,3,353.3285
15.0,10.0,40.0,100.0,35.0,40.0,3,0,100.0,0.0,28.34,0.0,85.01,0.0,0.0,0.0,4.88,-2.35,3.38,0.0,3,3,353.3285
25.0,10.0,20.0,100.0,15.0,40.0,3,0,100.0,0.0,28.34,0.0,85.01,0.0,0.0,0.0,4.88,-2.35,3.38,0.0,3,3,353.3285
25.0,10.0,20.0,100.0,25.0,40.0,3,0,100.0,0.0,28.34,0.0,85.01,0.0,0.0,0.0,4.88,-2.35,3.38,0.0,3,3,353.3285
25.0,10.0,20.0,100.0,35.0,40.0,3,0,100.0,0.0,28.34,0.0,85.01,0.0,0.0,0.0,4.88,-2.35,3.38,0.0,3,3,353.3285
25.0,10.0,30.0,100.0,15.0,40.0,3,0,100.0,0.0,28.34,0.0,85.01,0.0,0.0,0.0,4.88,-2.35,3.38,0.0,3,3,353.3285
25.0,10.0,30.0,100.0,25.0,40.0,3,0,100.0,0.0,28.34,0.0,85.01,0.0,0.0,0.0,4.88,-2.35,3.38,0.0,3,3,353.3285
25.0,10.0,30.0,100.0,35.0,40.0,3,0,100.0,0.0,28.34,0.0,85.01,0.0,0.0,0.0,4.88,-2.35,3.38,0.0,3,3,353.3285
25.0,10.0,40.0,100.0,15.0,40.0,3,0,100.0,0.0,28.34,0.0,85.01,0.0,0.0,0.0,4.88,-2.35,3.38,0.0,3,3,353.3285
25.0,10.0,40.0,100.0,25.0,40.0,3,0,100.0,0.0,28.34,0.0,85.01,0.0,0.0,0.0,4.88,-2.35,3.38,0.0,3,3,353.3285
25.0,10.0,40.0,100.0,35.0,40.0,3,0,100.0,0.0,28.34,0.0,85.01,0.0,0.0,0.0,4.88,-2.35,3.38,0.0,3,3,353.3285
35.0,10.0,20.0,100.0,15.0,40.0,3,0,100.0,0.0,28.34,0.0,85.01,0.0,0.0,0.0,4.88,-2.35,3.38,0.0,3,3,353.3285
35.0,10.0,20.0,100.0,25.0,40.0,3,0,100.0,0.0,28.34,0.0,85.01,0.0,0.0,0.0,4.88,-2.35,3.38,0.0,3,3,353.3285
35.0,10.0,20.0,100.0,35.0,40.0,3,0,100.0,0.0,28.34,0.0,85.01,0.0,0.0,0.0,4.88,-2.35,3.38,0.0,3,3,353.3285
35.0,10.0,30.0,100.0,15.0,40.0,3,0,100.0,0.0,28.34,0.0,85.01,0.0,0.0,0.0,4.88,-2.35,3.38,0.0,3,3,353.3285
35.0,10.0,30.0,100.0,25.0,40.0,3,0,100.0,0.0,28.34,0.0,85.01,0.0,0.0,0.0,4.88,-2.35,3.38,0.0,3,3,353.3285
35.0,10.0,30.0,100.0,35.0,40.0,3,0,100.0,0.0,28.34,0.0,85.01,0.0,0.0,0.0,4.88,-2.35,3.38,0.0,3,3,353.3285
35.0,10.0,40.0,100.0,15.0,40.0,3,0,100.0,0.0,28.34,0.0,85.01,0.0,0.0,0.0,4.88,-2.35,3.38,0.0,3,3,353.3285
35.0,10.0,40.0,100.0,25.0,40.0,3,0,100.0,0.0,28.34,0.0,85.01,0.0,0.0,0.0,4.88,-2.35,3.38,0.0,3,3,353.3285
35.0,10.0,40.0,100.0,35.0,40.0,3,0,100.0,0.0,28.34,0.0,85.01,0.0,0.0,0.0,4.88,-2.35,3.38,0.0,3,3,353.3285
15.0,10.0,20.0,100.0,15.0,50.0,3,0,100.0,0.0,28.34,0.0,85.01,0.0,0.0,0.0,4.77,-2.35,3.27,0.0,3,3,352.454
15.0,10.0,20.0,100.0,25.0,50.0,3,0,100.0,0.0,28.34,0.0,85.01,0.0,0.0,0.0,4.77,-2.35,3.27,0.0,3,3,352.454
15.0,10.0,20.0,100.0,35.0,50.0,3,0,100.0,0.0,28.34,0.0,85.01,0.0,0.0,0.0,4.77,-2.35,3.27,0.0,3,3,352.454
15.0,10.0,30.0,100.0,15.0,50.0,3,0,100.0,0.0,28.34,0.0,85.01,0.0,0.0,0.0,4.77,-2.35,3.27,0.0,3,3,352.454
15.0,10.0,30.0,100.0,25.0,50.0,3,0,100.0,0.0,28.34,0.0,85.01,0.0,0.0,0.0,4.77,-2.35,3.27,0.0,3,3,352.454
15.0,10.0,30.0,100.0,35.0,50.0,3,0,100.0,0.0,28.34,0.0,85.01,0.0,0.0,0.0,4.77,-2.35,3.27,0.0,3,3,352.454
15.0,10.0,40.0,100.0,15.0,50.0,3,0,100.0,0.0,28.34,0.0,85.01,0.0,0.0,0.0,4.77,-2.35,3.27,0.0,3,3,352.454
15.0,10.0,40.0,100.0,25.0,50.0,3,0,100.0,0.0,28.34,0.0,85.01,0.0,0.0,0.0,4.77,-2.35,3.27,0.0,3,3,352.454
15.0,10.0,40.0,100.0,35.0,50.0,3,0,100.0,0.0,28.34,0.0,85.01,0.0,0.0,0.0,4.77,-2.35,3.27,0.0,3,3,352.454
25.0,10.0,20.0,100.0,15.0,50.0,3,0,100.0,0.0,28.34,0.0,85.01,0.0,0.0,0.0,4.77,-2.35,3.27,0.0,3,3,352.454
25.0,10.0,20.0,100.0,25.0,50.0,3,0,100.0,0.0,28.34,0.0,85.01,0.0,0.0,0.0,4.77,-2.35,3.27,0.0,3,3,352.454
25.0,10.0,20.0,100.0,35.0,50.0,3,0,100.0,0.0,28.34,0.0,85.01,0.0,0.0,0.0,4.77,-2.35,3.27,0.0,3,3,352.454
25.0,10.0,30.0,100.0,15.0,50.0,3,0,100.0,0.0,28.34,0.0,85.01,0.0,0.0,0.0,4.77,-2.35,3.27,0.0,3,3,352.454
25.0,10.0,30.0,100.0,25.0,50.0,3,0,100.0,0.0,28.34,0.0,85.01,0.0,0.0,0.0,4.77,-2.35,3.27,0.0,3,3,352.454
25.0,10.0,30.0,100.0,35.0,50.0,3,0,100.0,0.0,28.34,0.0,85.01,0.0,0.0,0.0,4.77,-2.35,3.27,0.0,3,3,352.454
25.0,10.0,40.0,100.0,15.0,50.0,3,0,100.0,0.0,28.34,0.0,85.01,0.0,0.0,0.0,4.77,-2.35,3.27,0.0,3,3,352.454
25.0,10.0,40.0,100.0,25.0,50.0,3,0,100.0,0.0,28.34,0.0,85.01,0.0,0.0,0.0,4.77,-2.35,3.27,0.0,3,3,352.454
25.0,10.0,40.0,100.0,35.0,50.0,3,0,100.0,0.0,28.34,0.0,85.01,0.0,0.0,0.0,4.77,-2.35,3.27,0.0,3,3,352.454
35.0,10.0,20.0,100.0,15.0,50.0,3,0,100.0,0.0,28.34,0.0,85.01,0.0,0.0,0.0,4.77,-2.35,3.27,0.0,3,3,352.454
35.0,10.0,20.0,100.0,25.0,50.0,3,0,100.0,0.0,28.34,0.0,85.01,0.0,0.0,0.0,4.77,-2.35,3.27,0.0,3,3,352.454
35.0,10.0,20.0,100.0,35.0,50.0,3,0,100.0,0.0,28.34,0.0,85.01,0.0,0.0,0.0,4.77,-2.35,3.27,0.0,3,3,352.454
35.0,10.0,30.0,100.0,15.0,50.0,3,0,100.0,0.0,28.34,0.0,85.01,0.0,0.0,0.0,4.77,-2.35,3.27,0.0,3,3,352.454
35.0,10.0,30.0,100.0,25.0,50.0,3,0,100.0,0.0,28.34,0.0,85.01,0.0,0.0,0.0,4.77,-2.35,3.27,0.0,3,3,352.454
35.0,10.0,30.0,100.0,35.0,50.0,3,0,100.0,0.0,28.34,0.0,85.01,0.0,0.0,0.0,4.77,-2.35,3.27,0.0,3,3,352.454
35.0,10.0,40.0,100.0,15.0,50.0,3,0,100.0,0.0,28.34,0.0,85.01,0.0,0.0,0.0,4.77,-2.35,3.27,0.0,3,3,352.454
35.0,10.0,40.0,100.0,25.0,50.0,3,0,100.0,0.0,28.34,0.0,85.01,0.0,0.0,0.0,4.77,-2.35,3.27,0.0,3,3,352.454
35.0,10.0,40.0,100.0,35.0,50.0,3,0,100.0,0.0,28.34,0.0,85.01,0.0,0.0,0.0,4.77,-2.35,3.27,0.0,3,3,352.454
15.0,15.0,20.0,100.0,15.0,25.0,2,0,100.0,0.0,28.54,0.0,57.08,0.0,0.0,0.0,5.54,-2.57,3.72,0.0,2,3,301.2125
15.0,15.0,20.0,100.0,25.0,25.0,2,0,100.0,0.0,28.54,0.0,57.08,0.0,0.0,0.0,5.54,-2.57,3.72,0.0,2,3,301.2125
15.0,15.0,20.0,100.0,35.0,25.0,2,0,100.0,0.0,28.54,0.0,57.08,0.0,0.0,0.0,5.54,-2.57,3.72,0.0,2,3,301.2125
15.0,15.0,30.0,100.0,15.0,25.0,2,0,100.0,0.0,28.54,0.0,57.08,0.0,0.0,0.0,5.54,-2.57,3.72,0.0,2,3,301.2125
15.0,15.0,30.0,100.0,25.0,25.0,2,0,100.0,0.0,28.54,0.0,57.08,0.0,0.0,0.0,5.54,-2.57,3.72,0.0,2,3,301.2125
15.0,15.0,30.0,100.0,35.0,25.0,2,0,100.0,0.0,28.54,0.0,57.08,0.0,0.0,0.0,5.54,-2.57,3.72,0.0,2,3,301.2125
15.0,15.0,40.0,100.0,15.0,25.0,2,0,100.0,0.0,28.54,0.0,57.08,0.0,0.0,0.0,5.54,-2.57,3.72,0.0,2,3,301.2125
15.0,15.0,40.0,100.0,25.0,25.0,2,0,100.0,0.0,28.54,0.0,57.08,0.0,0.0,0.0,5.54,-2.57,3.72,0.0,2,3,301.2125
15.0,15.0,40.0,100.0,35.0,25.0,2,0,100.0,0.0,28.54,0.0,57.08,0.0,0.0,0.0,5.54,-2.57,3.72,0.0,2,3,301.2125
15.0,20.0,20.0,100.0,15.0,25.0,2,0,100.0,0.0,28.54,0.0,57.08,0.0,0.0,0.0,5.54,-2.57,3.72,0.0,2,3,301.2125
15.0,20.0,20.0,100.0,25.0,25.0,2,0,100.0,0.0,28.54,0.0,57.08,0.0,0.0,0.0,5.54,-2.57,3.72,0.0,2,3,301.2125
15.0,20.0,20.0,100.0,35.0,25.0,2,0,100.0,0.0,28.54,0.0,57.08,0.0,0.0,0.0,5.54,-2.57,3.72,0.0,2,3,301.2125
15.0,20.0,30.0,100.0,15.0,25.0,2,0,100.0,0.0,28.54,0.0,57.08,0.0,0.0,0.0,5.54,-2.57,3.72,0.0,2,3,301.2125
15.0,20.0,30.0,100.0,25.0,25.0,2,0,100.0,0.0,28.54,0.0,57.08,0.0,0.0,0.0,5.54,-2.57,3.72,0.0,2,3,301.2125
15.0,20.0,30.0,100.0,35.0,25.0,2,0,100.0,0.0,28.54,0.0,57.08,0.0,0.0,0.0,5.54,-2.57,3.72,0.0,2,3,301.2125
15.0,20.0,40.0,100.0,15.0,25.0,2,0,100.0,0.0,28.54,0.0,57.08,0.0,0.0,0.0,5.54,-2.57,3.72,0.0,2,3,301.2125
15.0,20.0,40.0,100.0,25.0,25.0,2,0,100.0,0.0,28.54,0.0,57.08,0.0,0.0,0.0,5.54,-2.57,3.72,0.0,2,3,301.2125
15.0,20.0,40.0,100.0,35.0,25.0,2,0,100.0,0.0,28.54,0.0,57.08,0.0,0.0,0.0,5.54,-2.57,3.72,0.0,2,3,301.2125
25.0,15.0,20.0,100.0,15.0,25.0,2,0,100.0,0.0,28.54,0.0,57.08,0.0,0.0,0.0,5.54,-2.57,3.72,0.0,2,3,301.2125
25.0,15.0,20.0,100.0,25.0,25.0,2,0,100.0,0.0,28.54,0.0,57.08,0.0,0.0,0.0,5.54,-2.57,3.72,0.0,2,3,301.2125
25.0,15.0,20.0,100.0,35.0,25.0,2,0,100.0,0.0,28.54,0.0,57.08,0.0,0.0,0.0,5.54,-2.57,3.72,0.0,2,3,301.2125
25.0,15.0,30.0,100.0,15.0,25.0,2,0,100.0,0.0,28.54,0.0,57.08,0.0,0.0,0.0,5.54,-2.57,3.72,0.0,2,3,301.2125
25.0,15.0,30.0,100.0,25.0,25.0,2,0,100.0,0.0,28.54,0.0,57.08,0.0,0.0,0.0,5.54,-2.57,3.72,0.0,2,3,301.2125
25.0,15.0,30.0,100.0,35.0,25.0,2,0,100.0,0.0,28.54,0.0,57.08,0.0,0.0,0.0,5.54,-2.57,3.72,0.0,2,3,301.2125
25.0,15.0,40.0,100.0,15.0,25.0,2,0,100.0,0.0,28.54,0.0,57.08,0.0,0.0,0.0,5.54,-2.57,3.72,0.0,2,3,301.2125
25.0,15.0,40.0,100.0,25.0,25.0,2,0,100.0,0.0,28.54,0.0,57.08,0.0,0.0,0.0,5.54,-2.57,3.72,0.0,2,3,301.2125
25.0,15.0,40.0,100.0,35.0,25.0,2,0,100.0,0.0,28.54,0.0,57.08,0.0,0.0,0.0,5.54,-2.57,3.72,0.0,2,3,301.2125
25.0,20.0,20.0,100.0,15.0,25.0,2,0,100.0,0.0,28.54,0.0,57.08,0.0,0.0,0.0,5.54,-2.57,3.72,0.0,2,3,301.2125
25.0,20.0,20.0,100.0,25.0,25.0,2,0,100.0,0.0,28.54,0.0,57.08,0.0,0.0,0.0,5.54,-2.57,3.72,0.0,2,3,301.2125
25.0,20.0,20.0,100.0,35.0,25.0,2,0,100.0,0.0,28.54,0.0,57.08,0.0,0.0,0.0,5.54,-2.57,3.72,0.0,2,3,301.2125
25.0,20.0,30.0,100.0,15.0,25.0,2,0,100.0,0.0,28.54,0.0,57.08,0.0,0.0,0.0,5.54,-2.57,3.72,0.0,2,3,301.2125
25.0,20.0,30.0,100.0,25.0,25.0,2,0,100.0,0.0,28.54,0.0,57.08,0.0,0.0,0.0,5.54,-2.57,3.72,0.0,2,3,301.2125
25.0,20.0,30.0,100.0,35.0,25.0,2,0,100.0,0.0,28.54,0.0,57.08,0.0,0.0,0.0,5.54,-2.57,3.72,0.0,2,3,301.2125
25.0,20.0,40.0,100.0,15.0,25.0,2,0,100.0,0.0,28.54,0.0,57.08,0.0,0.0,0.0,5.54,-2.57,3.72,0.0,2,3,301.2125
25.0,20.0,40.0,100.0,25.0,25.0,2,0,100.0,0.0,28.54,0.0,57.08,0.0,0.0,0.0,5.54,-2.57,3.72,0.0,2,3,301.2125
25.0,20.0,40.0,100.0,35.0,25.0,2,0,100.0,0.0,28.54,0.0,57.08,0.0,0.0,0.0,5.54,-2.57,3.72,0.0,2,3,301.2125
35.0,15.0,20.0,100.0,15.0,25.0,2,0,100.0,0.0,28.54,0.0,57.08,0.0,0.0,0.0,5.54,-2.57,3.72,0.0,2,3,301.2125
35.0,15.0,20.0,100.0,25.0,25.0,2,0,100.0,0.0,28.54,0.0,57.08,0.0,0.0,0.0,5.54,-2.57,3.72,0.0,2,3,301.2125
35.0,15.0,20.0,100.0,35.0,25.0,2,0,100.0,0.0,28.54,0.0,57.08,0.0,0.0,0.0,5.54,-2.57,3.72,0.0,2,3,301.2125
35.0,15.0,30.0,100.0,15.0,25.0,2,0,100.0,0.0,28.54,0.0,57.08,0.0,0.0,0.0,5.54,-2.57,3.72,0.0,2,3,301.2125
35.0,15.0,30.0,100.0,25.0,25.0,2,0,100.0,0.0,28.54,0.0,57.08,0.0,0.0,0.0,5.54,-2.57,3.72,0.0,2,3,301.2125
35.0,15.0,30.0,100.0,35.0,25.0,2,0,100.0,0.0,28.54,0.0,57.08,0.0,0.0,0.0,5.54,-2.57,3.72,0.0,2,3,301.2125
35.0,15.0,40.0,100.0,15.0,25.0,2,0,100.0,0.0,28.54,0.0,57.08,0.0,0.0,0.0,5.54,-2.57,3.72,0.0,2,3,301.2125
35.0,15.0,40.0,100.0,25.0,25.0,2,0,100.0,0.0,28.54,0.0,57.08,0.0,0.0,0.0,5.54,-2.57,3.72,0.0,2,3,301.2125
35.0,15.0,40.0,100.0,35.0,25.0,2,0,100.0,0.0,28.54,0.0,57.08,0.0,0.0,0.0,5.54,-2.57,3.72,0.0,2,3,301.2125
35.0,20.0,20.0,100.0,15.0,25.0,2,0,100.0,0.0,28.54,0.0,57.08,0.0,0.0,0.0,5.54,-2.57,3.72,0.0,2,3,301.2125
35.0,20.0,20.0,100.0,25.0,25.0,2,0,100.0,0.0,28.54,0.0,57.08,0.0,0.0,0.0,5.54,-2.57,3.72,0.0,2,3,301.2125
35.0,20.0,20.0,100.0,35.0,25.0,2,0,100.0,0.0,28.54,0.0,57.08,0.0,0.0,0.0,5.54,-2.57,3.72,0.0,2,3,301.2125
35.0,20.0,30.0,100.0,15.0,25.0,2,0,100.0,0.0,28.54,0.0,57.08,0.0,0.0,0.0,5.54,-2.57,3.72,0.0,2,3,301.2125
35.0,20.0,30.0,100.0,25.0,25.0,2,0,100.0,0.0,28.54,0.0,57.08,0.0,0.0,0.0,5.54,-2.57,3.72,0.0,2,3,301.2125
35.0,20.0,30.0,100.0,35.0,25.0,2,0,100.0,0.0,28.54,0.0,57.08,0.0,0.0,0.0,5.54,-2.57,3.72,0.0,2,3,301.2125
35.0,20.0,40.0,100.0,15.0,25.0,2,0,100.0,0.0,28.54,0.0,57.08,0.0,0.0,0.0,5.54,-2.57,3.72,0.0,2,3,301.2125
35.0,20.0,40.0,100.0,25.0,25.0,2,0,100.0,0.0,28.54,0.0,57.08,0.0,0.0,0.0,5.54,-2.57,3.72,0.0,2,3,301.2125
35.0,20.0,40.0,100.0,35.0,25.0,2,0,100.0,0.0,28.54,0.0,57.08,0.0,0.0,0.0,5.54,-2.57,3.72,0.0,2,3,301.2125
15.0,15.0,20.0,100.0,15.0,40.0,2,0,100.0,0.0,28.54,0.0,57.08,0.0,0.0,0.0,5.37,-2.57,3.56,0.0,2,3,299.941
15.0,15.0,20.0,100.0,25.0,40.0,2,0,100.0,0.0,28.54,0.0,57.08,0.0,0.0,0.0,5.37,-2.57,3.56,0.0,2,3,299.941
15.0,15.0,20.0,100.0,35.0,40.0,2,0,100.0,0.0,28.54,0.0,57.08,0.0,0.0,0.0,5.37,-2.57,3.56,0.0,2,3,299.941
15.0,15.0,30.0,100.0,15.0,40.0,2,0,100.0,0.0,28.54,0.0,57.08,0.0,0.0,0.0,5.37,-2.57,3.56,0.0,2,3,299.941
15.0,15.0,30.0,100.0,25.0,40.0,2,0,100.0,0.0,28.54,0.0,57.08,0.0,0.0,0.0,5.37,-2.57,3.56,0.0,2,3,299.941
15.0,15.0,30.0,100.0,35.0,40.0,2,0,100.0,0.0,28.54,0.0,57.08,0.0,0.0,0.0,5.37,-2.57,3.56,0.0,2,3,299.941
15.0,15.0,40.0,100.0,15.0,40.0,2,0,100.0,0.0,28.54,0.0,57.08,0.0,0.0,0.0,5.37,-2.57,3.56,0.0,2,3,299.941
15.0,15.0,40.0,100.0,25.0,40.0,2,0,100.0,0.0,28.54,0.0,57.08,0.0,0.0,0.0,5.37,-2.57,3.56,0.0,2,3,299.941
15.0,15.0,40.0,100.0,35.0,40.0,2,0,100.0,0.0,28.54,0.0,57.08,0.0,0.0,0.0,5.37,-2.57,3.56,0.0,2,3,299.941
15.0,20.0,20.0,100.0,15.0,40.0,2,0,100.0,0.0,28.54,0.0,57.08,0.0,0.0,0.0,5.37,-2.57,3.56,0.0,2,3,299.941
15.0,20.0,20.0,100.0,25.0,40.0,2,0,100.0,0.0,28.54,0.0,57.08,0.0,0.0,0.0,5.37,-2.57,3.56,0.0,2,3,299.941
15.0,20.0,20.0,100.0,35.0,40.0,2,0,100.0,0.0,28.54,0.0,57.08,0.0,0.0,0.0,5.37,-2.57,3.56,0.0,2,3,299.941
15.0,20.0,30.0,100.0,15.0,40.0,2,0,100.0,0.0,28.54,0.0,57.08,0.0,0.0,0.0,5.37,-2.57,3.56,0.0,2,3,299.941
15.0,20.0,30.0,100.0,25.0,40.0,2,0,100.0,0.0,28.54,0.0,57.08,0.0,0.0,0.0,5.37,-2.57,3.56,0.0,2,3,299.941
15.0,20.0,30.0,100.0,35.0,40.0,2,0,100.0,0.0,28.54,0.0,57.08,0.0,0.0,0.0,5.37,-2.57,3.56,0.0,2,3,299.941
15.0,20.0,40.0,100.0,15.0,40.0,2,0,100.0,0.0,28.54,0.0,57.08,0.0,0.0,0.0,5.37,-2.57,3.56,0.0,2,3,299.941
15.0,20.0,40.0,100.0,25.0,40.0,2,0,100.0,0.0,28.54,0.0,57.08,0.0,0.0,0.0,5.37,-2.57,3.56,0.0,2,3,299.941
15.0,20.0,40.0,100.0,35.0,40.0,2,0,100.0,0.0,28.54,0.0,57.08,0.0,0.0,0.0,5.37,-2.57,3.56,0.0,2,3,299.941
25.0,15.0,20.0,100.0,15.0,40.0,2,0,100.0,0.0,28.54,0.0,57.08,0.0,0.0,0.0,5.37,-2.57,3.56,0.0,2,3,299.941
25.0,15.0,20.0,100.0,25.0,40.0,2,0,100.0,0.0,28.54,0.0,57.08,0.0,0.0,0.0,5.37,-2.57,3.56,0.0,2,3,299.941
25.0,15.0,20.0,100.0,35.0,40.0,2,0,100.0,0.0,28.54,0.0,57.08,0.0,0.0,0.0,5.37,-2.57,3.56,0.0,2,3,299.941
25.0,15.0,30.0,100.0,15.0,40.0,2,0,100.0,0.0,28.54,0.0,57.08,0.0,0.0,0.0,5.37,-2.57,3.56,0.0,2,3,299.941
25.0,15.0,30.0,100.0,25.0,40.0,2,0,100.0,0.0,28.54,0.0,57.08,0.0,0.0,0.0,5.37,-2.57,3.56,0.0,2,3,299.941
25.0,15.0,30.0,100.0,35.0,40.0,2,0,100.0,0.0,28.54,0.0,57.08,0.0,0.0,0.0,5.37,-2.57,3.56,0.0,2,3,299.941
25.0,15.0,40.0,100.0,15.0,40.0,2,0,100.0,0.0,28.54,0.0,57.08,0.0,0.0,0.0,5.37,-2.57,3.56,0.0,2,3,299.941
25.0,15.0,40.0,100.0,25.0,40.0,2,0,100.0,0.0,28.54,0.0,57.08,0.0,0.0,0.0,5.37,-2.57,3.56,0.0,2,3,299.941
25.0,15.0,40.0,100.0,35.0,40.0,2,0,100.0,0.0,28.54,0.0,57.08,0.0,0.0,0.0,5.37,-2.57,3.56,0.0,2,3,299.941
25.0,20.0,20.0,100.0,15.0,40.0,2,0,100.0,0.0,28.54,0.0,57.08,0.0,0.0,0.0,5.37,-2.57,3.56,0.0,2,3,299.941
25.0,20.0,20.0,100.0,25.0,40.0,2,0,100.0,0.0,28.54,0.0,57.08,0.0,0.0,0.0,5.37,-2.57,3.56,0.0,2,3,299.941
25.0,20.0,20.0,100.0,35.0,40.0,2,0,100.0,0.0,28.54,0.0,57.08,0.0,0.0,0.0,5.37,-2.57,3.56,0.0,2,3,299.941
25.0,20.0,30.0,100.0,15.0,40.0,2,0,100.0,0.0,28.54,0.0,57.08,0.0,0.0,0.0,5.37,-2.57,3.56,0.0,2,3,299.941
25.0,20.0,30.0,100.0,25.0,40.0,2,0,100.0,0.0,28.54,0.0,57.08,0.0,0.0,0.0,5.37,-2.57,3.56,0.0,2,3,299.941
25.0,20.0,30.0,100.0,35.0,40.0,2,0,100.0,0.0,28.54,0.0,57.08,0.0,0.0,0.0,5.37,-2.57,3.56,0.0,2,3,299.941
25.0,20.0,40.0,100.0,15.0,40.0,2,0,100.0,0.0,28.54,0.0,57.08,0.0,0.0,0.0,5.37,-2.57,3.56,0.0,2,3,299.941
25.0,20.0,40.0,100.0,25.0,40.0,2,0,100.0,0.0,28.54,0.0,57.08,0.0,0.0,0.0,5.37,-2.57,3.56,0.0,2,3,299.941
25.0,20.0,40.0,100.0,35.0,40.0,2,0,100.0,0.0,28.54,0.0,57.08,0.0,0.0,0.0,5.37,-2.57,3.56,0.0,2,3,299.941
35.0,15.0,20.0,100.0,15.0,40.0,2,0,100.0,0.0,28.54,0.0,57.08,0.0,0.0,0.0,5.37,-2.57,3.56,0.0,2,3,299.941
35.0,15.0,20.0,100.0,25.0,40.0,2,0,100.0,0.0,28.54,0.0,57.08,0.0,0.0,0.0,5.37,-2.57,3.56,0.0,2,3,299.941
35.0,15.0,20.0,100.0,35.0,40.0,2,0,100.0,0.0,28.54,0.0,57.08,0.0,0.0,0.0,5.37,-2.57,3.56,0.0,2,3,299.941
35.0,15.0,30.0,100.0,15.0,40.0,2,0,100.0,0.0,28.54,0.0,57.08,0.0,0.0,0.0,5.37,-2.57,3.56,0.0,2,3,299.941
35.0,15.0,30.0,100.0,25.0,40.0,2,0,100.0,0.0,28.54,0.0,57.08,0.0,0.0,0.0,5.37,-2.57,3.56,0.0,2,3,299.941
35.0,15.0,30.0,100.0,35.0,40.0,2,0,100.0,0.0,28.54,0.0,57.08,0.0,0.0,0.0,5.37,-2.57,3.56,0.0,2,3,299.941
35.0,15.0,40.0,100.0,15.0,40.0,2,0,100.0,0.0,28.54,0.0,57.08,0.0,0.0,0.0,5.37,-2.57,3.56,0.0,2,3,299.941
35.0,15.0,40.0,100.0,25.0,40.0,2,0,100.0,0.0,28.54,0.0,57.08,0.0,0.0,0.0,5.37,-2.57,3.56,0.0,2,3,299.941
35.0,15.0,40.0,100.0,35.0,40.0,2,0,100.0,0.0,28.54,0.0,57.08,0.0,0.0,0.0,5.37,-2.57,3.56,0.0,2,3,299.941
35.0,20.0,20.0,100.0,15.0,40.0,2,0,100.0,0.0,28.54,0.0,57.08,0.0,0.0,0.0,5.37,-2.57,3.56,0.0,2,3,299.941
35.0,20.0,20.0,100.0,25.0,40.0,2,0,100.0,0.0,28.54,0.0,57.08,0.0,0.0,0.0,5.37,-2.57,3.56,0.0,2,3,299.941
35.0,20.0,20.0,100.0,35.0,40.0,2,0,100.0,0.0,28.54,0.0,57.08,0.0,0.0,0.0,5.37,-2.57,3.56,0.0,2,3,299.941
35.0,20.0,30.0,100.0,15.0,40.0,2,0,100.0,0.0,28.54,0.0,57.08,0.0,0.0,0.0,5.37,-2.57,3.56,0.0,2,3,299.941
35.0,20.0,30.0,100.0,25.0,40.0,2,0,100.0,0.0,28.54,0.0,57.08,0.0,0.0,0.0,5.37,-2.57,3.56,0.0,2,3,299.941
35.0,20.0,30.0,100.0,35.0,40.0,2,0,100.0,0.0,28.54,0.0,57.08,0.0,0.0,0.0,5.37,-2.57,3.56,0.0,2,3,299.941
35.0,20.0,40.0,100.0,15.0,40.0,2,0,100.0,0.0,28.54,0.0,57.08,0.0,0.0,0.0,5.37,-2.57,3.56,0.0,2,3,299.941
35.0,20.0,40.0,100.0,25.0,40.0,2,0,100.0,0.0,28.54,0.0,57.08,0.0,0.0,0.0,5.37,-2.57,3.56,0.0,2,3,299.941
35.0,20.0,40.0,100.0,35.0,40.0,2,0,100.0,0.0,28.54,0.0,57.08,0.0,0.0,0.0,5.37,-2.57,3.56,0.0,2,3,299.941
15.0,15.0,20.0,100.0,15.0,50.0,2,0,100.0,0.0,28.54,0.0,57.08,0.0,0.0,0.0,5.26,-2.57,3.45,0.0,2,3,299.0665
15.0,15.0,20.0,100.0,25.0,50.0,2,0,100.0,0.0,28.54,0.0,57.08,0.0,0.0,0.0,5.26,-2.57,3.45,0.0,2,3,299.0665
15.0,15.0,20.0,100.0,35.0,50.0,2,0,100.0,0.0,28.54,0.0,57.08,0.0,0.0,0.0,5.26,-2.57,3.45,0.0,2,3,299.0665
15.0,15.0,30.0,100.0,15.0,50.0,2,0,100.0,0.0,28.54,0.0,57.08,0.0,0.0,0.0,5.26,-2.57,3.45,0.0,2,3,299.0665
15.0,15.0,30.0,100.0,25.0,50.0,2,0,100.0,0.0,28.54,0.0,57.08,0.0,0.0,0.0,5.26,-2.57,3.45,0.0,2,3,299.0665
15.0,15.0,30.0,100.0,35.0,50.0,2,0,100.0,0.0,28.54,0.0,57.08,0.0,0.0,0.0,5.26,-2.57,3.45,0.0,2,3,299.0665
15.0,15.0,40.0,100.0,15.0,50.0,2,0,100.0,0.0,28.54,0.0,57.08,0.0,0.0,0.0,5.26,-2.57,3.45,0.0,2,3,299.0665
15.0,15.0,40.0,100.0,25.0,50.0,2,0,100.0,0.0,28.54,0.0,57.08,0.0,0.0,0.0,5.26,-2.57,3.45,0.0,2,3,299.0665
15.0,15.0,40.0,100.0,35.0,50.0,2,0,100.0,0.0,28.54,0.0,57.08,0.0,0.0,0.0,5.26,-2.57,3.45,0.0,2,3,299.0665
15.0,20.0,20.0,100.0,15.0,50.0,2,0,100.0,0.0,28.54,0.0,57.08,0.0,0.0,0.0,5.26,-2.57,3.45,0.0,2,3,299.0665
15.0,20.0,20.0,100.0,25.0,50.0,2,0,100.0,0.0,28.54,0.0,57.08,0.0,0.0,0.0,5.26,-2.57,3.45,0.0,2,3,299.0665
15.0,20.0,20.0,100.0,35.0,50.0,2,0,100.0,0.0,28.54,0.0,57.08,0.0,0.0,0.0,5.26,-2.57,3.45,0.0,2,3,299.0665
15.0,20.0,30.0,100.0,15.0,50.0,2,0,100.0,0.0,28.54,0.0,57.08,0.0,0.0,0.0,5.26,-2.57,3.45,0.0,2,3,299.0665
15.0,20.0,30.0,100.0,25.0,50.0,2,0,100.0,0.0,28.54,0.0,57.08,0.0,0.0,0.0,5.26,-2.57,3.45,0.0,2,3,299.0665
15.0,20.0,30.0,100.0,35.0,50.0,2,0,100.0,0.0,28.54,0.0,57.08,0.0,0.0,0.0,5.26,-2.57,3.45,0.0,2,3,299.0665
15.0,20.0,40.0,100.0,15.0,50.0,2,0,100.0,0.0,28.54,0.0,57.08,0.0,0.0,0.0,5.26,-2.57,3.45,0.0,2,3,299.0665
15.0,20.0,40.0,100.0,25.0,50.0,2,0,100.0,0.0,28.54,0.0,57.08,0.0,0.0,0.0,5.26,-2.57,3.45,0.0,2,3,299.0665
15.0,20.0,40.0,100.0,35.0,50.0,2,0,100.0,0.0,28.54,0.0,57.08,0.0,0.0,0.0,5.26,-2.57,3.45,0.0,2,3,299.0665
25.0,15.0,20.0,100.0,15.0,50.0,2,0,100.0,0.0,28.54,0.0,57.08,0.0,0.0,0.0,5.26,-2.57,3.45,0.0,2,3,299.0665
25.0,15.0,20.0,100.0,25.0,50.0,2,0,100.0,0.0,28.54,0.0,57.08,0.0,0.0,0.0,5.26,-2.57,3.45,0.0,2,3,299.0665
25.0,15.0,20.0,100.0,35.0,50.0,2,0,100.0,0.0,28.54,0.0,57.08,0.0,0.0,0.0,5.26,-2.57,3.45,0.0,2,3,299.0665
25.0,15.0,30.0,100.0,15.0,50.0,2,0,100.0,0.0,28.54,0.0,57.08,0.0,0.0,0.0,5.26,-2.57,3.45,0.0,2,3,299.0665
25.0,15.0,30.0,100.0,25.0,50.0,2,0,100.0,0.0,28.54,0.0,57.08,0.0,0.0,0.0,5.26,-2.57,3.45,0.0,2,3,299.0665
25.0,15.0,30.0,100.0,35.0,50.0,2,0,100.0,0.0,28.54,0.0,57.08,0.0,0.0,0.0,5.26,-2.57,3.45,0.0,2,3,299.0665
25.0,15.0,40.0,100.0,15.0,50.0,2,0,100.0,0.0,28.54,0.0,57.08,0.0,0.0,0.0,5.26,-2.57,3.45,0.0,2,3,299.0665
25.0,15.0,40.0,100.0,25.0,50.0,2,0,100.0,0.0,28.54,0.0,57.08,0.0,0.0,0.0,5.26,-2.57,3.45,0.0,2,3,299.0665
25.0,15.0,40.0,100.0,35.0,50.0,2,0,100.0,0.0,28.54,0.0,57.08,0.0,0.0,0.0,5.26,-2.57,3.45,0.0,2,3,299.0665
25.0,20.0,20.0,100.0,15.0,50.0,2,0,100.0,0.0,28.54,0.0,57.08,0.0,0.0,0.0,5.26,-2.57,3.45,0.0,2,3,299.0665
25.0,20.0,20.0,100.0,25.0,50.0,2,0,100.0,0.0,28.54,0.0,57.08,0.0,0.0,0.0,5.26,-2.57,3.45,0.0,2,3,299.0665
25.0,20.0,20.0,100.0,35.0,50.0,2,0,100.0,0.0,28.54,0.0,57.08,0.0,0.0,0.0,5.26,-2.57,3.45,0.0,2,3,299.0665
25.0,20.0,30.0,100.0,15.0,50.0,2,0,100.0,0.0,28.54,0.0,57.08,0.0,0.0,0.0,5.26,-2.57,3.45,0.0,2,3,299.0665
25.0,20.0,30.0,100.0,25.0,50.0,2,0,100.0,0.0,28.54,0.0,57.08,0.0,0.0,0.0,5.26,-2.57,3.45,0.0,2,3,299.0665
25.0,20.0,30.0,100.0,35.0,50.0,2,0,100.0,0.0,28.54,0.0,57.08,0.0,0.0,0.0,5.26,-2.57,3.45,0.0,2,3,299.0665
25.0,20.0,40.0,100.0,15.0,50.0,2,0,100.0,0.0,28.54,0.0,57.08,0.0,0.0,0.0,5.26,-2.57,3.45,0.0,2,3,299.0665
25.0,20.0,40.0,100.0,25.0,50.0,2,0,100.0,0.0,28.54,0.0,57.08,0.0,0.0,0.0,5.26,-2.57,3.45,0.0,2,3,299.0665
25.0,20.0,40.0,100.0,35.0,50.0,2,0,100.0,0.0,28.54,0.0,57.08,0.0,0.0,0.0,5.26,-2.57,3.45,0.0,2,3,299.0665
35.0,15.0,20.0,100.0,15.0,50.0,2,0,100.0,0.0,28.54,0.0,57.08,0.0,0.0,0.0,5.26,-2.57,3.45,0.0,2,3,299.0665
35.0,15.0,20.0,100.0,25.0,50.0,2,0,100.0,0.0,28.54,0.0,57.08,0.0,0.0,0.0,5.26,-2.57,3.45,0.0,2,3,299.0665
35.0,15.0,20.0,100.0,35.0,50.0,2,0,100.0,0.0,28.54,0.0,57.08,0.0,0.0,0.0,5.26,-2.57,3.45,0.0,2,3,299.0665
35.0,15.0,30.0,100.0,15.0,50.0,2,0,100.0,0.0,28.54,0.0,57.08,0.0,0.0,0.0,5.26,-2.57,3.45,0.0,2,3,299.0665
35.0,15.0,30.0,100.0,25.0,50.0,2,0,100.0,0.0,28.54,0.0,57.08,0.0,0.0,0.0,5.26,-2.57,3.45,0.0,2,3,299.0665
35.0,15.0,30.0,100.0,35.0,50.0,2,0,100.0,0.0,28.54,0.0,57.08,0.0,0.0,0.0,5.26,-2.57,3.45,0.0,2,3,299.0665
35.0,15.0,40.0,100.0,15.0,50.0,2,0,100.0,0.0,28.54,0.0,57.08,0.0,0.0,0.0,5.26,-2.57,3.45,0.0,2,3,299.0665
35.0,15.0,40.0,100.0,25.0,50.0,2,0,100.0,0.0,28.54,0.0,57.08,0.0,0.0,0.0,5.26,-2.57,3.45,0.0,2,3,299.0665
35.0,15.0,40.0,100.0,35.0,50.0,2,0,100.0,0.0,28.54,0.0,57.08,0.0,0.0,0.0,5.26,-2.57,3.45,0.0,2,3,299.0665
35.0,20.0,20.0,100.0,15.0,50.0,2,0,100.0,0.0,28.54,0.0,57.08,0.0,0.0,0.0,5.26,-2.57,3.45,0.0,2,3,299.0665
35.0,20.0,20.0,100.0,25.0,50.0,2,0,100.0,0.0,28.54,0.0,57.08,0.0,0.0,0.0,5.26,-2.57,3.45,0.0,2,3,299.0665
35.0,20.0,20.0,100.0,35.0,50.0,2,0,100.0,0.0,28.54,0.0,57.08,0.0,0.0,0.0,5.26,-2.57,3.45,0.0,2,3,299.0665
35.0,20.0,30.0,100.0,15.0,50.0,2,0,100.0,0.0,28.54,0.0,57.08,0.0,0.0,0.0,5.26,-2.57,3.45,0.0,2,3,299.0665
35.0,20.0,30.0,100.0,25.0,50.0,2,0,100.0,0.0,28.54,0.0,57.08,0.0,0.0,0.0,5.26,-2.57,3.45,0.0,2,3,299.0665
35.0,20.0,30.0,100.0,35.0,50.0,2,0,100.0,0.0,28.54,0.0,57.08,0.0,0.0,0.0,5.26,-2.57,3.45,0.0,2,3,299.0665
35.0,20.0,40.0,100.0,15.0,50.0,2,0,100.0,0.0,28.54,0.0,57.08,0.0,0.0,0.0,5.26,-2.57,3.45,0.0,2,3,299.0665
35.0,20.0,40.0,100.0,25.0,50.0,2,0,100.0,0.0,28.54,0.0,57.08,0.0,0.0,0.0,5.26,-2.57,3.45,0.0,2,3,299.0665
35.0,20.0,40.0,100.0,35.0,50.0,2,0,100.0,0.0,28.54,0.0,57.08,0.0,0.0,0.0,5.26,-2.57,3.45,0.0,2,3,299.0665
